species,sp,subspecies,description_citation,genus,group,subfamily,common_name,max_length_mm,length_measure,mass_g,phylo,dist_map,occ_recs,diet_recs,countries,notes,citations
Agkistrodon_bilineatus,Abili,,Günther 1863,Agkistrodon,NW_Crotalinae,Crotalinae,"Cantil, Mexican Moccasin; German: Mexikanische Mokassinschlange",1380,TL,1330.6,,X,,,El Salvador; Guatemala; Honduras; Mexico,,
Agkistrodon_conanti,Acona,,Gloyd 1969,Agkistrodon,NW_Crotalinae,Crotalinae,Florida Cottonmouth; German: Florida-Wassermokassinotter,1892,TL,3333.04,,X,,,United States of America,Size taken from A. piscivorus,
Agkistrodon_contortrix,Acont,Agkistrodon contortrix contortrix; Agkistrodon contortrix mokasen; Agkistrodon contortrix phaeogaster,Linnaeus 1766,Agkistrodon,NW_Crotalinae,Crotalinae,"Southern Copperhead [contortrix], Northern Copperhead [mokasen], Osage Copperhead [phaeogaster]; German: Kupferkopf",1350,TL,1248.16,,X,,,United States of America,,
Agkistrodon_howardgloydi,Ahowa,,Conant 1984,Agkistrodon,NW_Crotalinae,Crotalinae,Gloyd’s Moccasin; German: Gloyds Mokassinschlange,960,TL,462.82,,X,,,Costa Rica; El Salvador; Honduras; Nicaragua,,
Agkistrodon_laticinctus,Alati,Agkistrodon laticinctus laticinctus; Agkistrodon laticinctus pictigaster,Gloyd & Conant 1934,Agkistrodon,NW_Crotalinae,Crotalinae,"Broad-banded Copperhead [contortrix], Trans-Pecos Copperhead [pictigaster]; German: Breitband-Kupferkopf",1350,TL,1248.16,,X,,,Mexico; United States of America,Size taken from A. contortrix,
Agkistrodon_piscivorus,Apisc,Agkistrodon piscivorus piscivorus; Agkistrodon piscivorus leucostoma,Lacépède 1789,Agkistrodon,NW_Crotalinae,Crotalinae,"Northern Cottonmouth [piscivorus], Western Cottonmouth [leucostoma]; German: Wasser-Mokassinotter; German: Östliche Wasser-Mokassinotter [piscivorus]; German: Westliche Wassermokassinotter [leucostoma]",1892,TL,3333.04,,X,,,United States of America,,
Agkistrodon_russeolus,Aruss,,Gloyd 1972,Agkistrodon,NW_Crotalinae,Crotalinae,"Cantil, Mexican Moccasin; German: Mexikanische Mokassinschlange",1050,TL,600.7,,X,,,Belize; Guatemala; Mexico,,
Agkistrodon_taylori,Atayl,,Burger & Robertson 1951,Agkistrodon,NW_Crotalinae,Crotalinae,Mexican Moccasin,960,TL,462.82,,X,,,Mexico,,
Atheris_acuminata,Aacum,,Broadley 1998,Atheris,Viperinae,Viperinae,Acuminate bush viper,440,TL,47.8,,roll,,,Uganda,,
Atheris_anisolepis,Aanis,,Mocquard 1887,Atheris,Viperinae,Viperinae,Mayombe Bush-Viper,600,TL,117.87,,roll,,,Angola; Democratic Republic of the Congo; Gabon; Republic of the Congo,,
Atheris_barbouri,Abarb,,Loveridge 1930,Atheris,Viperinae,Viperinae,Uzungwe Mountain Bush Viper,369,TL,28.64,,roll,,,United Republic of Tanzania,,
Atheris_broadleyi,Abroa,,Lawson 1999,Atheris,Viperinae,Viperinae,,770,TL,243.61,,roll,,,Cameroon; Central African Republic,,
Atheris_ceratophora,Acera,,Werner 1896,Atheris,Viperinae,Viperinae,"German: Usambara-Buschviper, Gehörnte Buschviper",550,TL,91.51,,roll,,,United Republic of Tanzania,,
Atheris_chlorechis,Achlo,,Pel 1852,Atheris,Viperinae,Viperinae,,700,TL,184.6,,roll,,,Benin; Cameroon; Ghana; Guinea; Ivory Coast; Liberia; Nigeria; Sierra Leone; Togo,,
Atheris_desaixi,Adesa,,Ashe 1968,Atheris,Viperinae,Viperinae,Mt Kenya Bush Viper,700,TL,184.6,,roll,,,Kenya,,
Atheris_hirsuta,Ahirs,,Ernst & Rödel 2002,Atheris,Viperinae,Viperinae,Bristly Tree Viper,480,TL,61.58,,roll,,,Ivory Coast,,
Atheris_hispida,Ahisp,,Laurent 1955,Atheris,Viperinae,Viperinae,African Hairy Bush Viper,735,TL,212.76,,roll,,,Democratic Republic of the Congo; Kenya; Rwanda; Uganda; United Republic of Tanzania,,
Atheris_katangensis,Akata,,De Witte 1953,Atheris,Viperinae,Viperinae,Katanga Mountain Bush Viper,400,TL,36.22,,roll,,,Democratic Republic of the Congo,,
Atheris_mabuensis,Amabu,,Branch & Bayliss 2009,Atheris,Viperinae,Viperinae,,384,TL,32.17,,roll,,,Mozambique,,
Atheris_matildae,Amati,,"Menegon, Davenport & Howell 2011",Atheris,Viperinae,Viperinae,Matilda's Horned Viper,643,TL,144.18,,roll,,,Malawi; United Republic of Tanzania,,
Atheris_mongoensis,Among,,Collet & Trape 2020,Atheris,Viperinae,Viperinae,"F: Vipère arboricole mongo, Mongo Hairy Bush Viper, Mongo: Yété (also for Atheris squamigera)",,,,,,,,,,
Atheris_nitschei,Anits,,Tornier 1902,Atheris,Viperinae,Viperinae,Great Lakes Bush Viper,750,TL,225.65,,roll,,,Burundi; Democratic Republic of the Congo; Rwanda; Uganda; United Republic of Tanzania,,
Atheris_rungweensis,Arung,,Bogert 1940,Atheris,Viperinae,Viperinae,Mt Rungwe bush viper,642,TL,143.52,,roll,,,Malawi; United Republic of Tanzania; Zambia,,
Atheris_squamigera,Asqua,,Hallowell 1854,Atheris,Viperinae,Viperinae,"Variable Bush Viper, African Bush Viper, Rough-scaled Bush Viper; German: Rankschuppige Buschviper",780,TL,252.93,,roll,,,Angola; Cameroon; Central African Republic; Democratic Republic of the Congo; Equatorial Guinea; Gabon; Ivory Coast; Kenya; Nigeria; Republic of the Congo; Rwanda; S. Sudan; Uganda; United Republic of Tanzania,,
Atheris_subocularis,Asubo,,Fischer 1888,Atheris,Viperinae,Viperinae,,650,TL,148.79,,roll,,,Cameroon,,
Atropoides_picadoi,Apica,,Dunn 1939,Atropoides,NW_Crotalinae,Crotalinae,Picado's Pit Viper; German: Picados Springlanzenotter,1202,TL,890.27,,X,,,Costa Rica; Panama,,
Azemiops_feae,Afeae,,Boulenger 1888,Azemiops,Azemiopinae,Azemiopinae,"Fea Viper, Black-headed Burmese viper; German: Fea-Viper; Chinese: 黑头蝰",925,TL,415.41,,roll,,,China; India; Myanmar; Vietnam,,
Azemiops_kharini,Akhar,,"Orlov, Ryabov & Nguyen 2013",Azemiops,Azemiopinae,Azemiopinae,"White-headed Fea Viper, White-headed Burmese viper; German: Weisskopf-Fea-Viper; Chinese: 白头蝰",980,TL,491.44,,roll,,,China; Laos; Myanmar; Vietnam,,
Bitis_albanica,Balba,,Hewitt 1937,Bitis,Viperinae,Viperinae,Albany Adder,310,TL,17.25,,roll,,,South Africa,,
Bitis_arietans,Barie,Bitis arietans arietans (Merrem 1820); Bitis arietans somalica (Parker 1949),Merrem 1820,Bitis,Viperinae,Viperinae,Puff Adder; German: Gemeine Puffotter,1850,TL,3122.26,,roll,,,Angola; Benin; Botswana; Burkina Faso; Burundi; Cameroon; Central African Republic; Chad; Democratic Republic of the Congo; Djibouti; Equatorial Guinea; Eritrea; Ethiopia; Gabon; Gambia; Ghana; Guinea; Guinea Bissau; Ivory Coast; Kenya; Lesotho; Malawi; Mali; Morocco; Mozambique; Namibia; Niger; Nigeria; Oman; Republic of the Congo; Rwanda; S. Sudan; Saudi Arabia; Senegal; Sierra Leone; Somalia; Somaliland; South Africa; Sudan; Swaziland; Togo; Uganda; United Republic of Tanzania; Yemen; Zambia; Zimbabwe,,
Bitis_armata,Barma,,Smith 1826,Bitis,Viperinae,Viperinae,Southern Adder,414,TL,40.04,,roll,,,South Africa,,
Bitis_atropos,Batrop,Bitis atropos atropos (Linnaeus 1758); Bitis atropos unicolor (Fitzsimons 1959),Linnaeus 1758,Bitis,Viperinae,Viperinae,Mountain Adder; German: Bergotter,550,TL,91.51,,roll,,,Mozambique; South Africa; Swaziland; Zimbabwe,,
Bitis_caudalis,Bcaud,,Smith 1839,Bitis,Viperinae,Viperinae,Horned Adder; German: Gehörnte Puffotter,600,TL,117.87,,roll,,,Angola; Botswana; Namibia; South Africa; Zimbabwe,,
Bitis_cornuta,Bcorn,,Daudin 1803,Bitis,Viperinae,Viperinae,Many-horned Adder; German: Büschelbrauenotter,750,TL,225.65,,roll,,,Namibia; South Africa,,
Bitis_gabonica,Bgabo,,"Duméril, Bibron & Duméril 1854",Bitis,Viperinae,Viperinae,"Gaboon Adder, Gaboon Viper; German: Gabunviper",1800,TL,2882.99,,roll,,,Angola; Benin; Burundi; Cameroon; Central African Republic; Democratic Republic of the Congo; Equatorial Guinea; Gabon; Kenya; Malawi; Mozambique; Nigeria; Republic of the Congo; Rwanda; S. Sudan; South Africa; Swaziland; Uganda; United Republic of Tanzania; Zambia; Zimbabwe,,
Bitis_harenna,Bhare,,"Gower, Wade, Spawls, Böhme, Buechley, Sykes & Colston 2016",Bitis,Viperinae,Viperinae,Bale Mountains adder,,,,,,,,,,
Bitis_heraldica,Bhera,,Bocage 1889,Bitis,Viperinae,Viperinae,"Angolan adder, Bocage's Horned Adder (after FRANK & RAMUS 1995).",410,TL,38.92,,roll,,,Angola,,
Bitis_inornata,Binor,,Smith 1838,Bitis,Viperinae,Viperinae,"Plain Mountain Adder, Hornless Adder",350,TL,24.56,,roll,,,South Africa,,
Bitis_nasicornis,Bnasi,,Shaw & Nodder 1792,Bitis,Viperinae,Viperinae,Rhinoceros Viper; German: Nashornviper,1200,TL,885.97,,roll,,,Angola; Benin; Burundi; Cameroon; Central African Republic; Democratic Republic of the Congo; Equatorial Guinea; Gabon; Ghana; Guinea; Ivory Coast; Kenya; Liberia; Nigeria; Republic of the Congo; Rwanda; S. Sudan; Sierra Leone; Togo; Uganda; United Republic of Tanzania,,
Bitis_parviocula,Bparv,,Böhme 1976,Bitis,Viperinae,Viperinae,Bale Mountains adder,760,TL,234.51,,roll,,,Ethiopia,,
Bitis_peringueyi,Bperi,,Boulenger 1888,Bitis,Viperinae,Viperinae,"Peringuey's Adder, Dwarf Puff Adder; German: Zwergpuffotter, Namibviper",330,TL,20.7,,roll,,,Angola; Namibia,,
Bitis_rhinoceros,Brhin,,Schlegel 1855,Bitis,Viperinae,Viperinae,,1830,TL,3025.05,,roll,,,Ghana; Guinea; Ivory Coast; Liberia; Sierra Leone; Togo,,
Bitis_rubida,Brubi,,Branch 1997,Bitis,Viperinae,Viperinae,Red Adder,420,TL,41.75,,roll,,,South Africa,,
Bitis_schneideri,Bschn,,Boettger 1886,Bitis,Viperinae,Viperinae,"Namaqua Dwarf Adder, Namaqua Puff Adder",280,TL,12.83,,roll,,,Namibia; South Africa,,
Bitis_worthingtoni,Bwort,,Parker 1932,Bitis,Viperinae,Viperinae,Kenya Horned Viper,560,TL,96.43,,roll,,,Kenya,,
Bitis_xeropaga,Bxero,,Haacke 1975,Bitis,Viperinae,Viperinae,Desert Mountain Adder,650,TL,148.79,,roll,,,Namibia; South Africa,,
Bothriechis_aurifer,Bauri,,Salvin 1860,Bothriechis,NW_Crotalinae,Crotalinae,"Yellow-blotched Palm Pit Viper; German: Guatemala-Lanzenotter, Gelbgefleckte Lanzenotter",1000,TL,521.19,,X,,,Guatemala; Mexico,,
Bothriechis_bicolor,Bbico,,Bocourt 1868,Bothriechis,NW_Crotalinae,Crotalinae,"Guatemala Palm Pit Viper; German: Zweifarbige Lanzenotter, Guatemala-Palmenlanzenotter",1000,TL,521.19,,X,,,Guatemala; Mexico,,
Bothriechis_guifarroi,Bguif,,"Townsend, Medina-Flores, Wilson, Jadin & Austin 2013",Bothriechis,NW_Crotalinae,Crotalinae,,734,TL,211.92,,X,,,Honduras,,
Bothriechis_lateralis,Blate,,Peters 1862,Bothriechis,NW_Crotalinae,Crotalinae,Coffee Palm Viper; German: Palmenlanzenotter,1000,TL,521.19,,X,,,Costa Rica; Panama,,
Bothriechis_marchi,Bmarc,,Barbour & Loveridge 1929,Bothriechis,NW_Crotalinae,Crotalinae,March's Palm Pit Viper,968,TL,474.13,,X,,,Honduras,,
Bothriechis_nigroviridis,Bnigr,,Peters 1859,Bothriechis,NW_Crotalinae,Crotalinae,Black-speckled Palm Pit Viper; German: Schwarzgelbe Palmenlanzenotter,937,TL,431.28,,X,,,Costa Rica; Panama,,
Bothriechis_nubestris,Bnube,,"Doan, Mason, Castoe, Sasa & Parkinson 2016",Bothriechis,NW_Crotalinae,Crotalinae,Talamancan Palm-Pitviper,937,TL,431.28,,X,,,Costa Rica,Size taken from B. nigroviridis,
Bothriechis_rowleyi,Browl,,Bogert 1968,Bothriechis,NW_Crotalinae,Crotalinae,Rowley's Palm Pit Viper,970,TL,476.99,,X,,,Mexico,,
Bothriechis_schlegelii,Bschl,,Berthold 1846,Bothriechis,NW_Crotalinae,Crotalinae,"Eyelash Viper; German: Schlegels Lanzenotter, Greifschwanz-Lanzenotter; Spanish: Víbora de pestañas, Serpiente Loro",820,TL,292.55,,X,,,Belize; Colombia; Costa Rica; Ecuador; Guatemala; Honduras; Mexico; Nicaragua; Panama; Peru; Venezuela,,
Bothriechis_supraciliaris,Bsupr,,Taylor 1954,Bothriechis,NW_Crotalinae,Crotalinae,Blotched Palm-pitviper,800,TL,272.27,,X,,,Costa Rica; Panama,,
Bothriechis_thalassinus,Bthal,,Campbell & Smith 2000,Bothriechis,NW_Crotalinae,Crotalinae,German: Meerblaue Palmenlanzenotter,1000,TL,521.19,,X,,,El Salvador; Guatemala; Honduras,,
Bothrocophias_andianus,Bandi,,Amaral 1923,Bothrocophias,NW_Crotalinae,Crotalinae,Andean Lancehead,1258,TL,1016.41,,X,,,Bolivia; Peru,,
Bothrocophias_campbelli,Bcamp,,Freire-Lascano 1991,Bothrocophias,NW_Crotalinae,Crotalinae,Spanish: Víbora boca de sapo,1230,TL,951.97,,X,,,Colombia; Ecuador; Peru,,
Bothrocophias_colombianus,Bcolo,,Rendahl & Vestergren 1940,Bothrocophias,NW_Crotalinae,Crotalinae,"Colombian Lancehead, Munchique's Rufous Lancehead; Spanish: Equis Colorada de Munchique, ; Spanish: Equis Gata, Equis Amarilla del Valle del Cauca [rhombeatus], Cat Lancehead, Cauca Valley Yellow Lancehead [rhombeatus]",1360,TL,1275.26,,X,,,Colombia,,
Bothrocophias_hyoprora,Bhyop,,Amaral 1935,Bothrocophias,NW_Crotalinae,Crotalinae,Hognose Lancehead,830,TL,303.05,,X,,,Bolivia; Brazil; Colombia; Ecuador; Peru,,
Bothrocophias_lojanus,Bloja,,Parker 1930,Bothrocophias,NW_Crotalinae,Crotalinae,Lojan Lancehead,610,TL,123.7,,X,,,Ecuador; Peru,,
Bothrocophias_microphthalmus,Bmicr,,Cope 1875,Bothrocophias,NW_Crotalinae,Crotalinae,,1162,TL,806.77,,X,,,Bolivia; Brazil; Colombia; Ecuador; Peru,,
Bothrocophias_myersi,Bmyer,,Gutberlet & Campbell 2001,Bothrocophias,NW_Crotalinae,Crotalinae,"Equis Red Snake, cheeked Snake; Spanish: Serpiente Equis Roja, Cachetona, Bufadora",1200,TL,885.97,,X,,,Colombia,,
Bothrops_alcatraz,Balca,,"Marques, Martins & Sazima 2002",Bothrops,NW_Crotalinae,Crotalinae,,505,TL,71.38,,X,,,Brazil,,
Bothrops_alternatus,Balte,,"Duméril, Bibron & Duméril 1854",Bothrops,NW_Crotalinae,Crotalinae,"Urutu; German: Urutu, Halbmondlanzenotter",1690,TL,2399.66,,X,,,Argentina; Brazil; Paraguay; Uruguay,,
Bothrops_ammodytoides,Bammo,,Leybold 1873,Bothrops,NW_Crotalinae,Crotalinae,Yararanata; German: Yararanata,1000,TL,521.19,,X,,,Argentina,,
Bothrops_asper,Baspe,,Garman 1883,Bothrops,NW_Crotalinae,Crotalinae,Terciopelo; German: Rauhschuppige Lanzenotter; Spanish: Víbora Equis,2500,TL,7499.04,,X,,,Belize; Colombia; Costa Rica; Ecuador; El Salvador; Guatemala; Honduras; Mexico; Nicaragua; Panama; Peru; Venezuela,,
Bothrops_atrox,Batro,,Linnaeus 1758,Bothrops,NW_Crotalinae,Crotalinae,"Barba Amarilla, Fer-de-Lance, common lancehead; German: Caicaca, Gewöhnliche Lanzenotter, NL: Gewone lanspuntslang",1532,TL,1803.45,,X,,,Bolivia; Brazil; Colombia; Ecuador; France; Guyana; Peru; Suriname; Trinidad and Tobago; Venezuela,,
Bothrops_ayerbei,Bayer,,Folleco-Fernandez 2010,Bothrops,NW_Crotalinae,Crotalinae,"Spanish: Patian Lancehead, Ayerbe's Lancehead, Cacica, Eqis Patiana",1270,TL,1044.89,,X,,,Colombia,,
Bothrops_barnetti,Bbarn,,Parker 1938,Bothrops,NW_Crotalinae,Crotalinae,Barnett's Lancehead,1400,TL,1387.5,,X,,,Ecuador; Peru,,
Bothrops_bilineatus,Bbili,Bothrops bilineatus bilineatus (Wied 1821); Bothrops bilineatus smaragdinus (Hoge 1966),Wied-Neuwied 1821,Bothrops,NW_Crotalinae,Crotalinae,"Green Jararaca, Two-striped forest-pitviper [smaragdinus]; German: Grüne Jararaca",965,TL,469.9,,X,,,Bolivia; Brazil; Colombia; Ecuador; France; Guyana; Peru; Suriname; Venezuela,,
Bothrops_brazili,Bbraz,,Hoge 1954,Bothrops,NW_Crotalinae,Crotalinae,Brazil's Lancehead,1400,TL,1387.5,,X,,,Bolivia; Brazil; Colombia; Ecuador; Peru,,
Bothrops_caribbaeus,Bcari,,Garman 1887,Bothrops,NW_Crotalinae,Crotalinae,"Saint Lucia Lancehead, Saint Lucia Viper",2000,TL,3917.39,,X,,,Saint Lucia,,
Bothrops_chloromelas,Bchlo,,Boulenger 1912,Bothrops,NW_Crotalinae,Crotalinae,,1000,TL,521.19,,X,,,Peru,,
Bothrops_cotiara,Bcoti,,Gomes 1913,Bothrops,NW_Crotalinae,Crotalinae,Cotiara,1000,TL,521.19,,X,,,Argentina; Brazil,,
Bothrops_diporus,Bdipo,,Cope 1862,Bothrops,NW_Crotalinae,Crotalinae,,1100,TL,687.79,,X,,,Argentina; Bolivia; Brazil; Paraguay,,
Bothrops_erythromelas,Beryt,,Amaral 1923,Bothrops,NW_Crotalinae,Crotalinae,Caatinga Lancehead,850,TL,324.79,,X,,,Brazil,,
Bothrops_fonsecai,Bfons,,Hoge & Belluomini 1959,Bothrops,NW_Crotalinae,Crotalinae,Fonseca's Lancehead,1079,TL,650.27,,X,,,Brazil,,
Bothrops_insularis,Binsu,,Amaral 1921,Bothrops,NW_Crotalinae,Crotalinae,Golden Lancehead; German: Insel-Lanzenotter,1180,TL,843.68,,X,,,Brazil,,
Bothrops_itapetiningae,Bitap,,Boulenger 1907,Bothrops,NW_Crotalinae,Crotalinae,Sao Paulo Lancehead,570,SVL,141.86,,X,,,Brazil; Paraguay,,
Bothrops_jararaca,Bjraca,,Wied-Neuwied 1824,Bothrops,NW_Crotalinae,Crotalinae,Jararaca; German: Jararaca,1600,TL,2046.39,,X,,,Argentina; Brazil; Paraguay,,
Bothrops_jararacussu,Bjracu,,Lacerda 1884,Bothrops,NW_Crotalinae,Crotalinae,Jararacussu,2200,TL,5169.52,,X,,,Argentina; Bolivia; Brazil; Paraguay,,
Bothrops_jonathani,Bjona,,Harvey 1994,Bothrops,NW_Crotalinae,Crotalinae,Jonathan's Lancehead,800,SVL,348.9,,X,,,Argentina; Bolivia,,
Bothrops_lanceolatus,Blanc,,Bonnaterre 1790,Bothrops,NW_Crotalinae,Crotalinae,Martinique Lancehead,2000,TL,3917.39,,X,,,France,,
Bothrops_leucurus,Bleuc,,Wagler 1824,Bothrops,NW_Crotalinae,Crotalinae,Whitetail Lancehead,1950,TL,3639.16,,X,,,Brazil,,
Bothrops_lutzi,Blutz,,Miranda-Ribeiro 1915,Bothrops,NW_Crotalinae,Crotalinae,Sertao Lancehead [iglesiasi],800,TL,272.27,,X,,,Brazil,,
Bothrops_marajoensis,Bmara,,Hoge 1966,Bothrops,NW_Crotalinae,Crotalinae,Marajó Lancehead,1500,TL,1696,,X,,,Brazil,,
Bothrops_marmoratus,Bmarm,,Da Silva & Rodrigues 2008,Bothrops,NW_Crotalinae,Crotalinae,Marbled lancehead,800,TL,272.27,,X,,,Brazil,,
Bothrops_mattogrossensis,Bmatt,,Amaral 1925,Bothrops,NW_Crotalinae,Crotalinae,,1300,TL,1118.3,,X,,,Bolivia; Brazil; Paraguay,,
Bothrops_medusa,Bmedu,,Sternfeld 1920,Bothrops,NW_Crotalinae,Crotalinae,Venezuela Forest Pit Viper,800,TL,272.27,,X,,,Venezuela,,
Bothrops_monsignifer,Bmons,,"Timms, Chaparro, Venegas, Salazar-Valenzuela, Scrocchi, Cuevas, Leynaud & Carrasco 2019",Bothrops,NW_Crotalinae,Crotalinae,,,,,,X,,,Bolivia; Peru,,
Bothrops_moojeni,Bmooj,,Hoge 1966,Bothrops,NW_Crotalinae,Crotalinae,Brazilian Lancehead,2300,TL,5883.39,,X,,,Argentina; Bolivia; Brazil; Paraguay,,
Bothrops_muriciensis,Bmuri,,Ferrarezzi & Freire 2001,Bothrops,NW_Crotalinae,Crotalinae,,884,TL,364.06,,X,,,Brazil,,
Bothrops_neuwiedi,Bneuw,,Wagler 1824,Bothrops,NW_Crotalinae,Crotalinae,Jararaca Pintada; German: Lanzenotter,1000,TL,521.19,,X,,,Brazil,,
Bothrops_oligobalius,Boligb,,"Dal Vechio, Prates, Grazziotin, Graboski, & Rodrigues, 2021",Bothrops,NW_Crotalinae,Crotalinae,,1400,TL,1387.5,,X,,,Brazil; Colombia; Ecuador; France; Guyana; Peru; Suriname; Venezuela,Size taken from B. brazili,
Bothrops_oligolepis,Bolig,,Werner 1901,Bothrops,NW_Crotalinae,Crotalinae,"Inca Forest Pit Viper (oligolepis), Peru Forest Pit Viper (peruviana)",986,TL,500.24,,X,,,Bolivia; Peru,,
Bothrops_osbornei,Bosbo,,Freire-Lascano 1991,Bothrops,NW_Crotalinae,Crotalinae,,1400,TL,1387.5,,X,,,Ecuador; Peru,,
Bothrops_otavioi,Botav,,"Barbo, Grazziotin, Sazima, Martins & Sawaya 2012",Bothrops,NW_Crotalinae,Crotalinae,,692,SVL,237.4,,X,,,Brazil,,
Bothrops_pauloensis,Bpaul,,Amaral 1925,Bothrops,NW_Crotalinae,Crotalinae,,895,SVL,469.99,,X,,,Brazil,,
Bothrops_pictus,Bpict,,Tschudi 1845,Bothrops,NW_Crotalinae,Crotalinae,Desert Lancehead,600,TL,117.87,,X,,,Peru,,
Bothrops_pirajai,Bpira,,Amaral 1923,Bothrops,NW_Crotalinae,Crotalinae,Piraja's Lancehead,1370,TL,1302.74,,X,,,Brazil,,
Bothrops_pubescens,Bpube,,Cope 1870,Bothrops,NW_Crotalinae,Crotalinae,,1200,TL,885.97,,X,,,Argentina; Brazil; Paraguay; Uruguay,,
Bothrops_pulcher,Bpulc,,Peters 1862,Bothrops,NW_Crotalinae,Crotalinae,,764,TL,238.1,,X,,,Colombia; Ecuador; Peru,,
Bothrops_punctatus,Bpunc,,Garcia 1896,Bothrops,NW_Crotalinae,Crotalinae,"Spanish: Equis Orito, Equis Rabo de Chucha, Golden Lancehead or Opossum Tailed Lancehead, Chocoan Forest Pit Viper",1400,TL,1387.5,,X,,,Colombia; Ecuador; Panama,,
Bothrops_sanctaecrucis,Bsanc,,Hoge 1966,Bothrops,NW_Crotalinae,Crotalinae,Bolivian Lancehead,1303,TL,1125.87,,X,,,Bolivia,,
Bothrops_sazimai,Bsazi,,"Barbo, Gasparini, Almeida, Zaher, Grazziotin, Gusmão, Ferrarini & Sawaya 2016",Bothrops,NW_Crotalinae,Crotalinae,Franceses island-Lancehead,,,,,X,,,Brazil,,
Bothrops_sonene,Bsone,,"Carrasco, Grazziotin, Cruz-Farfán, Koch, Ochoa, Scrocchi, Leynaud & Chaparro 2019",Bothrops,NW_Crotalinae,Crotalinae,,,,,,X,,,Bolivia; Brazil; Peru,,
Bothrops_taeniatus,Btaen,Bothrops taeniatus taeniatus (Wagler 1824); Bothrops taeniatus lichenosus (Roze 1958),Wagler 1824,Bothrops,NW_Crotalinae,Crotalinae,Speckled Forest Pit Viper,1360,TL,1275.3,,X,,,Bolivia; Brazil; Colombia; Ecuador; France; Guyana; Peru; Suriname; Venezuela,,
Bothrops_venezuelensis,Bvene,,Sandner-Montilla 1952,Bothrops,NW_Crotalinae,Crotalinae,Venezuela Lancehead,1667,TL,2305.86,,X,,,Colombia; Venezuela,,
Calloselasma_rhodostoma,Crhod,,Kuhl 1824,Calloselasma,OW_Crotalinae,Crotalinae,"Malayan Pit Viper; German: Malaiische Mokassin-Grubenotter, Thai: ngu tüng chāng, ngu tüng kabā",1045,TL,592.42,,roll,,,Cambodia; Indonesia; Laos; Malaysia; Myanmar; Thailand; Vietnam,,
Causus_bilineatus,Cbili,,Boulenger 1905,Causus,Viperinae,Viperinae,"Two-Striped Night Adder, Two-lined Night Adder",650,TL,148.79,,roll,,,Angola; Democratic Republic of the Congo; Rwanda; Zambia,,
Causus_defilippii,Cdefi,,Jan 1863,Causus,Viperinae,Viperinae,Snouted Night Adder,420,TL,41.75,,roll,,,Botswana; Democratic Republic of the Congo; Kenya; Malawi; Mozambique; South Africa; Swaziland; United Republic of Tanzania; Zambia; Zimbabwe,,
Causus_lichtensteinii,Clich,,Jan 1859,Causus,Viperinae,Viperinae,Forest night adder,710,TL,192.38,,roll,,,Angola; Benin; Burundi; Cameroon; Central African Republic; Democratic Republic of the Congo; Equatorial Guinea; Gabon; Ghana; Guinea; Ivory Coast; Kenya; Liberia; Nigeria; Republic of the Congo; Rwanda; S. Sudan; Sierra Leone; Togo; Uganda; United Republic of Tanzania; Zambia,,
Causus_maculatus,Cmacu,,Hallowell 1842,Causus,Viperinae,Viperinae,"Spotted Night Adder, West-African Night Adder",700,TL,184.6,,roll,,,Angola; Benin; Burkina Faso; Cameroon; Central African Republic; Chad; Democratic Republic of the Congo; Equatorial Guinea; Ethiopia; Gabon; Gambia; Ghana; Guinea; Guinea Bissau; Ivory Coast; Kenya; Liberia; Mali; Mauritania; Niger; Nigeria; Republic of the Congo; Rwanda; S. Sudan; Senegal; Sierra Leone; Sudan; Togo; Uganda,,
Causus_rasmusseni,Crasm,,Broadley 2014,Causus,Viperinae,Viperinae,Rasmussen’s Night Adder,685,TL,173.32,,roll,,,Democratic Republic of the Congo; Zambia,,
Causus_resimus,Cresi,,Peters 1862,Causus,Viperinae,Viperinae,Green Night Adder; German: Grüne Nachtotter,750,TL,225.65,,roll,,,Angola; Burundi; Cameroon; Central African Republic; Chad; Democratic Republic of the Congo; Ethiopia; Kenya; Nigeria; Republic of the Congo; Rwanda; S. Sudan; Somalia; Sudan; Uganda; United Republic of Tanzania,,
Causus_rhombeatus,Crhom,,Lichtenstein 1823,Causus,Viperinae,Viperinae,Common or Rhombic Night Adder; German: Krötenotter,950,TL,448.93,,roll,,,Angola; Botswana; Burundi; Cameroon; Central African Republic; Chad; Democratic Republic of the Congo; Ethiopia; Kenya; Lesotho; Malawi; Mozambique; Namibia; Nigeria; Republic of the Congo; Rwanda; S. Sudan; South Africa; Sudan; Swaziland; Uganda; United Republic of Tanzania; Zambia; Zimbabwe,,
Cerastes_boehmei,Cboeh,,Wagner & Wilms 2010,Cerastes,Viperinae,Viperinae,,218.5,TL,6.23,,roll,,,Tunisia,,
Cerastes_cerastes,Cecera,Cerastes cerastes cerastes (Linnaeus 1758); Cerastes cerastes hoofieni (Werner et al. 1999),Linnaeus 1758,Cerastes,Viperinae,Viperinae,Desert Horned Viper; German: Hornviper,890,TL,371.3,,roll,,,Algeria; Chad; Egypt; Israel; Libya; Mali; Mauritania; Morocco; Niger; Saudi Arabia; Sudan; Tunisia; Western Sahara; Yemen,,
Cerastes_gasperettii,Cgasp,Cerastes gasperettii mendelssohni (Werner et al. 1999); Cerastes gasperettii gasperettii (Leviton & Anderson 1967),Leviton & Anderson 1967,Cerastes,Viperinae,Viperinae,,860,TL,336.04,,roll,,,Bahrain; Egypt; Iran; Iraq; Israel; Jordan; Kuwait; Oman; Qatar; Saudi Arabia; United Arab Emirates; West Bank; Yemen,,
Cerastes_vipera,Cvipe,,Linnaeus 1758,Cerastes,Viperinae,Viperinae,Sahara Sand Viper; German: Avicennaviper,480,TL,61.58,,roll,,,Algeria; Chad; Egypt; Gaza Strip; Israel; Jordan; Libya; Mali; Mauritania; Morocco; Niger; Sudan; Tunisia; West Bank; Western Sahara,,
Cerrophidion_godmani,Cgodm,,Günther 1863,Cerrophidion,NW_Crotalinae,Crotalinae,Godman's Montane Pit Viper; German: Godman-Berggrubenotter,822,TL,294.63,,X,,,Guatemala; Mexico,,
Cerrophidion_petlalcalensis,Cpetl,,"Lopéz-Luna, Vogt & Torre-Loranca 1999",Cerrophidion,NW_Crotalinae,Crotalinae,,467,TL,56.85,,X,,,Mexico,,
Cerrophidion_sasai,Csasa,,"Jadin, Townsend, Castoe & Campbell 2012",Cerrophidion,NW_Crotalinae,Crotalinae,Costa Rica Montane Pitviper,713,TL,194.76,,X,,,Costa Rica; Panama,,
Cerrophidion_tzotzilorum,Ctzot,,Campbell 1985,Cerrophidion,NW_Crotalinae,Crotalinae,Tzotzil Montane Pit Viper,500,TL,69.34,,X,,,Mexico,,
Cerrophidion_wilsoni,Cwils,,"Jadin, Townsend, Castoe & Campbell 2012",Cerrophidion,NW_Crotalinae,Crotalinae,Honduras Montane Pitviper,648,TL,147.46,,X,,,El Salvador; Guatemala; Honduras; Nicaragua,,
Crotalus_adamanteus,Cadam,,Palisot De Beauvois 1799,Crotalus,NW_Crotalinae,Crotalinae,Eastern Diamondback Rattlesnake; German: Diamant-Klapperschlange,2515,TL,7630.72,,X,,,United States of America,,
Crotalus_angelensis,Cange,,Klauber 1963,Crotalus,NW_Crotalinae,Crotalinae,Isla Angel Rattlesnake; German: Angel-Klapperschlange,1370,TL,1302.74,,X,,,Mexico,Size taken from C. mitchellii,
Crotalus_aquilus,Caqui,,Klauber 1952,Crotalus,NW_Crotalinae,Crotalinae,Queretaran Dusky Rattlesnake,678,TL,168.22,,X,,,Mexico,,
Crotalus_armstrongi,Carms,,Campbell 1979,Crotalus,NW_Crotalinae,Crotalinae,Mexican Dusky Rattlesnake,484,TL,63.08,,X,,,Mexico,,
Crotalus_atrox,Catro,Crotalus atrox atrox; Crotalus atrox tortugensis,Baird & Girard 1853,Crotalus,NW_Crotalinae,Crotalinae,"Western Diamond-backed Rattlesnake; German: Texas-Klapperschlange, Westliche Diamantklapperschlange, Tortuga Island Rattlesnake (tortugensis)",2337,TL,6163.07,,X,,,Mexico; United States of America,,
Crotalus_basiliscus,Cbasi,,Cope 1864,Crotalus,NW_Crotalinae,Crotalinae,"Mexican West-Coast Rattlesnake, Basilisk Rattlesnake; German: Basilisken-Klapperschlange",2045,TL,4179.43,,X,,,Mexico,,
Crotalus_brunneus,Cbrun,,Harris & Simmons 1978,Crotalus,NW_Crotalinae,Crotalinae,"Mexican Pygmy Rattlesnake, Oaxacan Pygmy Rattlesnake",700,TL,184.6,,X,,,Mexico,,
Crotalus_campbelli,Ccamp,,"Bryson Jr, Linkem, Dorcas, Lathrop, Jones, Alvarado-Díaz,, Grünwald & Murphy 2014",Crotalus,NW_Crotalinae,Crotalinae,,569,TL,101.01,,X,,,Mexico,,
Crotalus_catalinensis,Ccata,,Cliff 1954,Crotalus,NW_Crotalinae,Crotalinae,Catalina Island Rattlesnake; German: Santa-Catalina-Klapperschlange,847,TL,321.47,,X,,,Mexico,,
Crotalus_cerastes,Ccera,Crotalus cerastes cerastes (Hallowell 1854); Crotalus cerastes cercobombus (Savage & Cliff 1953); Crotalus cerastes laterorepens (Klauber 1944),Hallowell 1854,Crotalus,NW_Crotalinae,Crotalinae,"Sidewinder, Mojave desert sidewinder [cerastes], Sonoran desert sidewinder [cercobombus], Colorado desert sidewinder[laterorepens]; German: Seitenwinder, Gehörnte Klapperschlange",840,TL,313.8,,X,,,Mexico; United States of America,,
Crotalus_cerberus,Ccerb,,Coues 1875,Crotalus,NW_Crotalinae,Crotalinae,Arizona Black Rattlesnake; German: Schwarze Arizona-Klapperschlange,1032,TL,571.23,,X,,,United States of America,,
Crotalus_concolor,Cconc,,Woodbury 1929,Crotalus,NW_Crotalinae,Crotalinae,Midget Faded Rattlesnake,1625,TL,2140.84,,X,,,United States of America,,
Crotalus_culminatus,Cculm,,Klauber 1952,Crotalus,NW_Crotalinae,Crotalinae,Northwestern Neotropical Rattlesnake,1680,TL,2358.58,,X,,,Mexico,,
Crotalus_durissus,Cduri,Crotalus durissus cumanensis (Humboldt 1811); Crotalus durissus durissus (Linnaeus 1758); Crotalus durissus marajoensis (Hoge 1966); Crotalus durissus ruruima (Hoge 1966); Crotalus durissus terrificus (Laurenti 1768); Crotalus durissus trigonicus (Harris & Simmons 1978),Linnaeus 1758,Crotalus,NW_Crotalinae,Crotalinae,"Cascabel Rattlesnake, Central American Rattlesnake; German: Cascabel-Tropische - Schauer-Klapperschlange, NL: Zuid-Amerikaanse Ratelslang, Surinamse ratelslang, Rupununi Savanna Rattlesnake [trigonicus]",1800,TL,2882.99,,X,,,Argentina; Bolivia; Brazil; Colombia; France; Guyana; Paraguay; Suriname; Trinidad and Tobago; Uruguay; Venezuela,,
Crotalus_ehecatl,Cehec,,"Carbajal-Márquez, Cedeño-Vázquez, Martínez-Arce, Neri-Castro & Machkour-M’Rabet 2020",Crotalus,NW_Crotalinae,Crotalinae,Tehuantepec Isthmus Neotropical rattlesnake,1800,TL,2882.99,,X,,,Guatemala; Mexico,,
Crotalus_enyo,Cenyo,Crotalus enyo cerralvensis (Cliff 1954); Crotalus enyo furvus (Lowe & Norris 1954); Crotalus enyo enyo (Cope 1861),Cope 1861,Crotalus,NW_Crotalinae,Crotalinae,"Baja California Rattlesnake [enyo], Rosario Rattlesnake [furvus], Cerralvo Rattlesnake [cerralvensis]; German: Baja-Klapperschlange",890,TL,371.3,,X,,,Mexico,,
Crotalus_ericsmithi,Ceric,,Campbell & Flores-Villela 2008,Crotalus,NW_Crotalinae,Crotalinae,Guerreran Long-tailed Rattlesnake; Spanish: Cascabel Cola-larga de Guerrero,540,TL,86.75,,X,,,Mexico,,
Crotalus_estebanensis,Ceste,,Klauber 1949,Crotalus,NW_Crotalinae,Crotalinae,San Esteban Island Rattlesnake; German: San Esteban-Klapperschlange,1000,TL,950,,X,,,Mexico,,
Crotalus_exiguus,Cexig,,Campbell & Armstrong 1979,Crotalus,NW_Crotalinae,Crotalinae,"Mexican Pygmy Rattlesnake, Guerreran Pygmy Rattlesnake",700,TL,184.6,,X,,,Mexico,,
Crotalus_helleri,Chell,Crotalus helleri caliginis; Crotalus helleri helleri,Meek 1905,Crotalus,NW_Crotalinae,Crotalinae,Southern Pacific Rattlesnake,1625,TL,2140.84,,X,,,Mexico; United States of America,,
Crotalus_horridus,Chorr,Crotalus horridus atricaudatus; Crotalus horridus horridus,Linnaeus 1758,Crotalus,NW_Crotalinae,Crotalinae,"Timber rattlesnake, cane-brake rattlesnake (atricaudatus); German: Wald-Klapperschlange (atricaudatus)",1892,TL,3333.04,,X,,,Canada; United States of America,,
Crotalus_intermedius,Cinte,Crotalus intermedius intermedius (Troschel in Mùller 1865); Crotalus intermedius gloydi (Taylor 1941); Crotalus intermedius omiltemanus (Günther 1895),Troschel 1865,Crotalus,NW_Crotalinae,Crotalinae,Mexican Smallhead Rattlesnake,570,TL,101.53,,X,,,Mexico,,
Crotalus_lannomi,Clann,,Tanner 1966,Crotalus,NW_Crotalinae,Crotalinae,"Autlán Long-tailed Rattlesnake, Manantlán Long-tailed Rattlesnake; Spanish: Cascabel Cola-larga de Autlán",638,TL,140.94,,X,,,Mexico,,
Crotalus_lepidus,Clepi,"Crotalus lepidus klauberi (Gloyd 1936); Crotalus lepidus lepidus (Kennicott 1861); Crotalus lepidus maculosus (Tanner, Dixon, & Harris 1972)",Kennicott 1861,Crotalus,NW_Crotalinae,Crotalinae,"lepidus: Rock Rattlesnake, klauberi: Banded Rock Rattlesnake, maculosus: Durangan Rock Rattlesnake; German: Felsen-Klapperschlange, Gebirgsklapperschlange",840,TL,313.8,,X,,,Mexico; United States of America,,
Crotalus_lorenzoensis,Clore,,Radcliff & Maslin 1975,Crotalus,NW_Crotalinae,Crotalinae,"Red Diamond Rattlesnake (exsul: Cedros Island Rattlesnake, lorenzoensis: San Lorenzo Island Rattlesnake, lucasensis: San Lucan Rattlesnake, ruber: Red Diamond Rattlesnake, monserratensis: Red Rattlesnake); German: Rote Diamant-Klapperschlange",872,TL,1200,,X,,,Mexico,,Radcliffe and Maslin 1975
Crotalus_lutosus,Cluto,Crotalus lutosus abyssus; Crotalus lutosus lutosus,Klauber 1930,Crotalus,NW_Crotalinae,Crotalinae,"Great Basin Rattlesnake; German: Great-Basin-Klapperschlange, abyssus: Grand Canyon Rattlesnake",1625,TL,2140.84,,X,,,United States of America,,
Crotalus_mictlantecuhtli,Cmict,,"Carbajal-Márquez, Cedeño-Vázquez, Martínez-Arce, Neri-Castro & Machkour-M’Rabet 2020",Crotalus,NW_Crotalinae,Crotalinae,Veracruz Neotropical rattlesnake,1800,TL,2882.99,,X,,,Mexico,,
Crotalus_mitchellii,Cmitc,,Cope 1861,Crotalus,NW_Crotalinae,Crotalinae,Speckled Rattlesnake; German: Gefleckte Klapperschlange,1000,TL,400,,X,,,Mexico,,Campbell and Lamar 2004
Crotalus_molossus,Cmolo,Crotalus molossus molossus (Baird & Girard 1853); Crotalus molossus nigrescens (Gloyd 1936); Crotalus molossus oaxacus (Gloyd 1948),Baird & Girard 1853,Crotalus,NW_Crotalinae,Crotalinae,"Black Tailed Rattlesnake, Northern Black Tailed Rattlesnake, nigrescens: Mexican black-tailed Rattlesnake, oaxacus: Oaxacan Black-tailed Rattlesnake); German: Schwarzschwanz-Klapperschlange",1370,TL,1302.74,,X,,,Mexico; United States of America,,
Crotalus_morulus,Cmoru,,Klauber 1952,Crotalus,NW_Crotalinae,Crotalinae,Tamaulipan Rock Rattlesnake,840,TL,313.8,,X,,,Mexico,,
Crotalus_oreganus,Coreg,,Holbrook 1840,Crotalus,NW_Crotalinae,Crotalinae,Northern Pacific Rattlesnake; German: Oregon-Klapperschlange,1625,TL,2140.84,,X,,,Canada; United States of America,,
Crotalus_ornatus,Corna,,Hallowell 1854,Crotalus,NW_Crotalinae,Crotalinae,"Ornate Black- tailed Rattlesnake, Black-tailed Rattlesnake",1300,SVL,1266.25,,X,,,Mexico; United States of America,,
Crotalus_polisi,Cpoli,,"Meik, Schaack, Flores-Villela & Streicher 2018",Crotalus,NW_Crotalinae,Crotalinae,Horsehead Island speckled rattlesnake,1000,TL,400,,X,,,Mexico,,
Crotalus_polystictus,Cpoly,,Cope 1865,Crotalus,NW_Crotalinae,Crotalinae,Mexican Lancehead Rattlesnake,1000,TL,521.19,,X,,,Mexico,,
Crotalus_pricei,Cpric,Crotalus pricei pricei (Van Denburgh 1895); Crotalus pricei miquihuanus (Gloyd 1940),Van Denburgh 1895,Crotalus,NW_Crotalinae,Crotalinae,"pricei: Western Twin Spotted Rattlesnake, Arizona Twin Spotted Rattlesnake; German: Prices Klapperschlange, miquihuanus: Eastern Twin Spotted Rattlesnake",670,TL,162.51,,X,,,Mexico; United States of America,,
Crotalus_pusillus,Cpusi,,Klauber 1952,Crotalus,NW_Crotalinae,Crotalinae,Tancitaran Dusky Rattlesnake,682,TL,171.12,,X,,,Mexico,,
Crotalus_pyrrhus,Cpyrr,Crotalus pyrrhus muertensis; Crotalus pyrrhus pyrrhus,Cope 1866,Crotalus,NW_Crotalinae,Crotalinae,Southwestern Speckled Rattlesnake; German: Südwestliche Gefleckte Klapperschlange,1000,TL,400,,X,,,Mexico; United States of America,,
Crotalus_ravus,Cravu,,Cope 1865,Crotalus,NW_Crotalinae,Crotalinae,"Mexican Pygmy Rattlesnake, Central Plateau Pygmy Rattlesnake",700,TL,184.6,,X,,,Mexico,,
Crotalus_ruber,Crube,Crotalus ruber exsul (Garman 1884); Crotalus ruber ruber (Cope 1892); Crotalus ruber lucasensis (Van Denburgh 1920),Cope 1892,Crotalus,NW_Crotalinae,Crotalinae,"Red Diamond Rattlesnake (exsul: Cedros Island Rattlesnake, lucasensis: San Lucan Rattlesnake, ruber: Red Diamond Rattlesnake, monserratensis: Red Rattlesnake); German: Rote Diamant-Klapperschlange",1650,TL,2238.09,,X,,,Mexico; United States of America,,
Crotalus_scutulatus,Cscut,Crotalus scutulatus salvini (Günther 1895); Crotalus scutulatus scutulatus (Kennicott 1861),Kennicott 1861,Crotalus,NW_Crotalinae,Crotalinae,"scutulatus: Mojave (Green) Rattlesnake, salvini: Huamantlan Rattlesnake; German: Mojave-Klapperschlange",1400,TL,1387.5,,X,,,Mexico; United States of America,,
Crotalus_simus,Csimu,,Latreille 1801,Crotalus,NW_Crotalinae,Crotalinae,Middle American Rattlesnake,1800,TL,2882.99,,X,,,Belize; Costa Rica; El Salvador; Guatemala; Honduras; Mexico; Nicaragua,,
Crotalus_stejnegeri,Cstej,,Dunn 1919,Crotalus,NW_Crotalinae,Crotalinae,Sinaloan Long-tailed Rattlesnake; Spanish: Cascabel Cola-larga de Sinaloa,724,TL,203.63,,X,,,Mexico,,
Crotalus_stephensi,Cstep,,Klauber 1930,Crotalus,NW_Crotalinae,Crotalinae,Panamint Rattlesnake; German: Panamint-Klapperschlange,1320,TL,1169.15,,X,,,United States of America,,
Crotalus_tancitarensis,Ctanc,,Alvarado-Díaz & Campbell 2004,Crotalus,NW_Crotalinae,Crotalinae,,410,TL,38.92,,X,,,Mexico,,
Crotalus_thalassoporus,Cthal,,"Meik, Schaack, Flores-Villela & Streicher 2018",Crotalus,NW_Crotalinae,Crotalinae,Louse Island speckled rattlesnake,1000,TL,400,,X,,,Mexico,,
Crotalus_tigris,Ctigr,,Kennicott 1859,Crotalus,NW_Crotalinae,Crotalinae,Tiger Rattlesnake; German: Tiger-Klapperschlange,910,TL,396.11,,X,,,Mexico; United States of America,,
Crotalus_tlaloci,Ctlal,,"Bryson, Linkem, Dorcas, Lathrop, Jones, Alvarado-Díaz, Grünwald & Murphy 2014",Crotalus,NW_Crotalinae,Crotalinae,,521,TL,78.16,,X,,,Mexico,,
Crotalus_totonacus,Ctoto,,Gloyd & Kauffeld 1940,Crotalus,NW_Crotalinae,Crotalinae,Totonacan Rattlesnake,1800,TL,2882.99,,X,,,Mexico,,
Crotalus_transversus,Ctran,,Taylor 1944,Crotalus,NW_Crotalinae,Crotalinae,Cross-banded Mountain Rattlesnake,465,TL,56.14,,X,,,Mexico,,
Crotalus_triseriatus,Ctris,,Wagler 1830,Crotalus,NW_Crotalinae,Crotalinae,"Western Dusky Rattlesnake, Central Plateau Dusky Rattlesnake",683,TL,171.86,,X,,,Mexico,,
Crotalus_tzabcan,Ctzab,,Klauber 1952,Crotalus,NW_Crotalinae,Crotalinae,Yucatan Neotropical Rattlesnake,1555,TL,1883.37,,X,,,Belize; Guatemala; Mexico,,
Crotalus_unicolor,Cunic,,Van Lidth De Jeude 1887,Crotalus,NW_Crotalinae,Crotalinae,Aruba Island Rattlesnake; German: Aruba-Klapperschlange,950,TL,1400,,X,,,Aruba,,Jacksonville Zoo
Crotalus_vegrandis,Cvegr,,Klauber 1941,Crotalus,NW_Crotalinae,Crotalinae,Uracoan Rattlesnake; German: Uracoa-Klapperschlange,684,TL,1200,,X,,,Venezuela,,"Klauber LM. 1997. Rattlesnakes: Their Habitats, Life Histories, and Influence on Mankind. Second Edition. 2 volumes. Reprint, University of California Press, Berkeley."
Crotalus_viridis,Cviri,Crotalus viridis nuntius (Klauber 1935); Crotalus viridis viridis (Rafinesque 1818),Rafinesque 1818,Crotalus,NW_Crotalinae,Crotalinae,"viridis: Western Rattlesnake, Prairie Rattlesnake, nuntius: Hopi Rattlesnake; German: Prärie-Klapperschlange; German: nuntius: Hopi-Klapperschlange",1650,TL,2238.09,,X,,,Canada; Mexico; United States of America,,
Crotalus_willardi,Cwill,Crotalus willardi amabilis (Anderson 1962); Crotalus willardi meridionalis (Klauber 1949); Crotalus willardi obscurus (Harris 1974); Crotalus willardi silus (Klauber 1949); Crotalus willardi willardi (Meek 1905),Meek 1905,Crotalus,NW_Crotalinae,Crotalinae,"willardi: Arizona Ridgenose Rattlesnake, obscurus: New Mexico Ridgenose Rattlesnake, amabilis: Del Nido Ridge-nosed Rattlesnake, meridionalis: Southern Ridge-nosed Rattlesnake, silus: Western Chihuahuan Ridge-nosed Rattlesnake); German: Willards Klapperschlange, Kantenkopf-Klapperschlange",670,TL,162.51,,X,,,Mexico; United States of America,,
Daboia_mauritanica,Dmaur,,Gray 1849,Daboia,Viperinae,Viperinae,Moorish Viper; German: Atlasotter; German: Saharaotter [deserti],1810,TL,2929.85,,roll,,,Algeria; Libya; Mauritania; Morocco; Spain; Tunisia; Western Sahara,,
Daboia_palaestinae,Dpala,,Werner 1938,Daboia,Viperinae,Viperinae,Palestine Viper; German: Palästinaviper,1500,TL,1696,,roll,,,Gaza Strip; Israel; Jordan; Lebanon; Syria; West Bank,,
Daboia_russelii,Druss,,Shaw & Nodder 1797,Daboia,Viperinae,Viperinae,Russel’s Viper; German: Kettenviper,1850,TL,3122.26,,roll,,,Bangladesh; Bhutan; China; India; Myanmar; Nepal; Pakistan; Sri Lanka,,
Daboia_siamensis,Dsiam,,Smith 1917,Daboia,Viperinae,Viperinae,Eastern Russel’s Viper; German: Östliche Kettenviper; Chinese: 泰国圆斑蝰,1500,TL,1696,,roll,,,Cambodia; China; Hong Kong S.A.R.; Indonesia; Macau S.A.R; Myanmar; Taiwan; Thailand; Vietnam,,
Deinagkistrodon_acutus,Dacut,,Günther 1888,Deinagkistrodon,OW_Crotalinae,Crotalinae,"Chinese Moccasin, Hundred-pace viper, five-pacer viper; German: Chinesischer Kupferkopf, Chinesische Nasenotter; Chinese: 尖吻蝮",1490,TL,1663.31,,roll,,,China; Taiwan; Vietnam,,
Echis_borkini,Ebork,,Cherlin 1990,Echis,Viperinae,Viperinae,,555,TL,93.95,,roll,,,Saudi Arabia; Yemen,,
Echis_carinatus,Ecari,Echis carinatus carinatus (Schneider 1801); Echis carinatus sochureki (Stemmler 1969),Schneider 1801,Echis,Viperinae,Viperinae,"Saw-scaled Viper, Phoorsa, Sindh Saw-scaled Viper [sochureki]; German: Sandrasselotter",800,TL,272.27,,roll,,,Afghanistan; China; India; Iran; Iraq; Kazakhstan; Nepal; Oman; Pakistan; Qatar; Saudi Arabia; Sri Lanka; Tajikistan; Turkmenistan; United Arab Emirates; Uzbekistan,,
Echis_coloratus,Ecolo,Echis coloratus coloratus (Günther 1878); Echis coloratus terraesanctae (Babocsay 2003),Günther 1878,Echis,Viperinae,Viperinae,"Palestine Saw-scaled Viper, Burton’s carpet viper; German: Arabische Sandrasselotter",900,TL,383.57,,roll,,,Egypt; Israel; Jordan; Lebanon; Oman; Saudi Arabia; West Bank; Yemen,,
Echis_hughesi,Ehugh,,Cherlin 1990,Echis,Viperinae,Viperinae,Hughes' Saw-scaled Viper,850,TL,324.79,,roll,,,Somalia,,
Echis_jogeri,Ejoge,,Cherlin 1990,Echis,Viperinae,Viperinae,Joger's Saw-scaled Viper,300,TL,15.68,,roll,,,Guinea; Mali; Senegal,,
Echis_khosatzkii,Ekhos,,Cherlin 1990,Echis,Viperinae,Viperinae,,600,TL,117.87,,roll,,,Oman; Yemen,,
Echis_leucogaster,Eleuc,,Roman 1972,Echis,Viperinae,Viperinae,Roman's Saw-scaled Viper,870,TL,347.54,,roll,,,Burkina Faso; Cameroon; Chad; Gambia; Mali; Mauritania; Morocco; Niger; Senegal; Western Sahara,,
Echis_megalocephalus,Emega,,Cherlin 1990,Echis,Viperinae,Viperinae,"Large-headed Carpet Viper, Cherlin's Saw-scaled Viper",560,TL,96.43,,roll,,,Eritrea,,
Echis_ocellatus,Eocel,,Stemmler 1970,Echis,Viperinae,Viperinae,"African Saw-scaled Viper, West African carpet viper; German: Westafrikanische Augenfleck-Sandrasselotter",670,TL,162.51,,roll,,,Benin; Burkina Faso; Cameroon; Central African Republic; Chad; Gambia; Ghana; Guinea; Guinea Bissau; Ivory Coast; Mali; Mauritania; Niger; Nigeria; Senegal; Sierra Leone; Togo,,
Echis_omanensis,Eoman,,Babocsay 2004,Echis,Viperinae,Viperinae,Oman saw-scaled viper; German: Oman-Sandrasselotter,800,TL,272.27,,roll,,,Oman; United Arab Emirates,,
Echis_pyramidum,Epyra,Echis pyramidum pyramidum (Geoffroy Saint-Hilaire 1827); Echis pyramidum leakeyi (Stemmler & Sochurek 1969),Geoffroy Saint-Hilaire 1827,Echis,Viperinae,Viperinae,"North-East African Carpet Viper, Egyptian Saw-scaled Viper",850,TL,324.79,,roll,,,Algeria; Central African Republic; Djibouti; Egypt; Eritrea; Ethiopia; Kenya; Libya; S. Sudan; Somalia; Somaliland; Sudan; Tunisia,,
Echis_romani,Eroma,,Trape 2018,Echis,Viperinae,Viperinae,,,,,,,,,,,
Eristicophis_macmahoni,Emacm,,Alcock & Finn 1897,Eristicophis,Viperinae,Viperinae,"McMahons Desert Viper, Asian sand viper; German: McMahon-Viper",719,TL,199.56,,roll,,,Afghanistan; Iran; Pakistan,,
Garthius_chaseni,Gchas,,Smith 1931,Garthius,OW_Crotalinae,Crotalinae,"Mount Kinabalu Pit Viper, Chasen’s mountain pitviper",690,TL,177.03,,roll,,,Malaysia,,
Gloydius_angusticeps,Gangu,,"Shi, Yang, Huang, Orlov & Li 2018",Gloydius,OW_Crotalinae,Crotalinae,Zoige pit viper; Chinese: Ruò ìr gài Fù,,,,,,,,,,
Gloydius_blomhoffii,Gblom,,Boie 1826,Gloydius,OW_Crotalinae,Crotalinae,"Mamushi; German: Mamushi, Russian: Восточный щитомордник",675,TL,166.06,,roll,,,Japan; North Korea; South Korea,,
Gloydius_brevicaudus,Gbrev,Gloydius brevicaudus brevicaudus (Stejneger 1907); Gloydius brevicaudus siniticus (Gloyd 1977),Stejneger 1907,Gloydius,OW_Crotalinae,Crotalinae,German: Kurzschwanz-Mamushi; Chinese: 短尾蝮,710,TL,192.38,,roll,,,China; North Korea; Taiwan,,
Gloydius_caraganus,Gcara,,Eichwald 1831,Gloydius,OW_Crotalinae,Crotalinae,Karaganda pitviper; German: Karaganda-Otter,740,TL,,,,,,,,"Orlov and Barabanov, 1999"
Gloydius_caucasicus,Gcauc,,Nikolsky 1916,Gloydius,OW_Crotalinae,Crotalinae,Caucasian pitviper; German: Kaukasus-Otter,,,,,,,,,,
Gloydius_cognatus,Gcogn,,Gloyd 1977,Gloydius,OW_Crotalinae,Crotalinae,Alashan pitviper; German: Alashan-Otter; Chinese: 阿拉善蝮,,,,,,,,,,
Gloydius_halys,Ghaly,Gloydius halys boehmei (Nilson 1983); Gloydius halys halys (Pallas 1776); Gloydius halys mogoi (Bour 1993); Gloydius halys ubsunurensis (Kropachev & Orlov 2017),Pallas 1776,Gloydius,OW_Crotalinae,Crotalinae,"Halys Pit Viper (halys: Siberian, boehmei: Böhme’s pitviper); German: Halys-Otter, Russian: Обыкновенный щитомордник; Chinese: 西伯利亚蝮",750,TL,225.65,,roll,,,Afghanistan; Azerbaijan; Baykonur Cosmodrome; China; India; Iran; Kazakhstan; Kyrgyzstan; Mongolia; Pakistan; Russia; Siachen Glacier; Tajikistan; Turkmenistan; Uzbekistan,,
Gloydius_himalayanus,Ghima,,Günther 1864,Gloydius,OW_Crotalinae,Crotalinae,Himalayan Pitviper,864,TL,340.61,,roll,,,Bangladesh; Bhutan; China; India; Nepal; Pakistan,,
Gloydius_huangi,Ghuan,,"Wang, Ren, Dong, Jiang, Shi, Siler & Che 2019",Gloydius,OW_Crotalinae,Crotalinae,"Pinyin: Lan Cang Fu (original Chinese in paper but not copyable), Lancang Plateau Viper; Chinese: 澜沧蝮",,,,,,,,,,
Gloydius_intermedius,Ginte,,Strauch 1868,Gloydius,OW_Crotalinae,Crotalinae,"Central Asian pitviper, Russian: Средний щитомордник; Chinese: 中介蝮",790,TL,262.48,,roll,,,Afghanistan; Azerbaijan; China; Iran; Mongolia; North Korea; Russia; South Korea; Turkmenistan,,
Gloydius_lijianlii,Gliji,,Jiang & Zhao 2009,Gloydius,OW_Crotalinae,Crotalinae,Chinese: 庙岛蝮,687,TL,174.8,,roll,,,China,,
Gloydius_liupanensis,Gliup,,"Liu, Song & Luo 1989",Gloydius,OW_Crotalinae,Crotalinae,Chinese: 六盘山蝮,570,TL,101.53,,,,,,,
Gloydius_monticola,Gmont,,Werner 1922,Gloydius,OW_Crotalinae,Crotalinae,Likiang pitviper; Chinese: 雪山蝮,498,TL,68.54,,roll,,,China,,
Gloydius_qinlingensis,Gqinl,,Song & Chen 1985,Gloydius,OW_Crotalinae,Crotalinae,Chinese: 秦岭蝮,,,,,,,,,,
Gloydius_rickmersi,Grick,,"Wagner, Tiutenko, Borkin & Simonov 2015",Gloydius,OW_Crotalinae,Crotalinae,,,,,,,,,,,
Gloydius_rubromaculatus,Grubr,,"Shi, Li & Liu 2017",Gloydius,OW_Crotalinae,Crotalinae,"Red-spotted alpine pit viper, Tongtianhe pit viper; Chinese: Hóng Bān Gāo Shān Fù (红斑高山蝮)",,,,,,,,,,
Gloydius_shedaoensis,Gshed,Gloydius shedaoensis shedaoensis (Zhao 1979); Gloydius shedaoensis qianshanensis (Li1999),Zhao 1979,Gloydius,OW_Crotalinae,Crotalinae,Shedao island pitviper; Chinese: 蛇岛蝮,990,TL,506.17,,roll,,,China,,
Gloydius_stejnegeri,Gstej,,Rendahl 1933,Gloydius,OW_Crotalinae,Crotalinae,Gobi pitviper); German: Gobi-Otter; Chinese: 华北蝮,,,,,,,,,,
Gloydius_strauchi,Gstra,,Bedriaga 1912,Gloydius,OW_Crotalinae,Crotalinae,Strauch’s pitviper; Chinese: 高原蝮,547,TL,90.06,,roll,,,China,,
Gloydius_tsushimaensis,Gtsus,,"Isogawa, Moriya & Mitsui 1994",Gloydius,OW_Crotalinae,Crotalinae,"Tsushima island pitviper, JapanesTsushima Mamushi",600,TL,117.87,,roll,,,Japan,,
Gloydius_ussuriensis,Gussu,,Emelianov 1929,Gloydius,OW_Crotalinae,Crotalinae,"Ussuri Mamushi, Russian: Уccурийский щитомордник; Chinese: 乌苏里蝮",650,TL,148.79,,roll,,,China; North Korea; Russia; South Korea,,
Hypnale_hypnale,Hhypn,,Merrem 1820,Hypnale,OW_Crotalinae,Crotalinae,Hump-nosed Moccasin; German: Indische Nasenotter,550,TL,91.51,,roll,,,India; Sri Lanka,,
Hypnale_nepa,Hnepa,,Laurenti 1768,Hypnale,OW_Crotalinae,Crotalinae,Sri Lanka Humpnose Viper,387,TL,32.9,,roll,,,Sri Lanka,,
Hypnale_zara,Hzara,,Gray 1849,Hypnale,OW_Crotalinae,Crotalinae,,407,SVL,58.01,,roll,,,Sri Lanka,,
Lachesis_acrochorda,Lacro,,Garcia 1896,Lachesis,NW_Crotalinae,Crotalinae,"Spanish: Verrugosa, Guascama",3000,TL,12747.44,,X,,,Colombia; Ecuador; Panama,,
Lachesis_melanocephala,Lmela,,Solórzano & Cerdas 1986,Lachesis,NW_Crotalinae,Crotalinae,Black-headed bushmaster; German: Schwarzkopf-Buschmeister,3900,TL,27352.56,,X,,,Costa Rica; Panama,,
Lachesis_muta,Lmuta,,Linnaeus 1766,Lachesis,NW_Crotalinae,Crotalinae,"South American Bushmaster; German: Südamerikanischer Buschmeister, rhombeata: Atlantic Forest bushmaster, NL: Bosmeester",3600,TL,21669.07,,X,,,Bolivia; Brazil; Colombia; Ecuador; France; Guyana; Peru; Suriname; Trinidad and Tobago; Venezuela,,
Lachesis_stenophrys,Lsten,,Cope 1875,Lachesis,NW_Crotalinae,Crotalinae,Central American bushmaster,3900,TL,27352.56,,X,,,Costa Rica; Nicaragua; Panama,,
Macrovipera_lebetinus,Mlebe,Macrovipera lebetinus lebetinus (Linnaeus 1758); Macrovipera lebetinus cernovi (Chikin & Szczerbak 1992); Macrovipera lebetinus obtusa (Dwigubsky 1832); Macrovipera lebetinus transmediterranea (Nilson & Andrén 1988); Macrovipera lebetinus turanica (Chernov 1939),Linnaeus 1758,Macrovipera,Viperinae,Viperinae,"Levantine Viper; German: Levanteotter, Russian: Гюрза",,,,,,,,Afghanistan; Akrotiri Sovereign Base Area; Armenia; Azerbaijan; Cyprus; Dhekelia Sovereign Base Area; Georgia; India; Iran; Iraq; Israel; Jordan; Kyrgyzstan; Northern Cyprus; Pakistan; Russia; Syria; Tajikistan; Turkey; Turkmenistan; Uzbekistan,,
Macrovipera_razii,Mrazi,,"Oraie, Rastegar-Pouyani, Khosrovani, Moradi, Akbari, Sehhatisabet, Shafiei, Stümpel & Joger 2018",Macrovipera,Viperinae,Viperinae,Razi’s Viper,,,,,,,,,,
Macrovipera_schweizeri,Mschw,,Werner 1935,Macrovipera,Viperinae,Viperinae,German: Milosotter,1070,TL,634.61,,roll,,,Greece,,
Metlapilcoatlus_indomitus,Mindo,,Smith & Ferrari-Castro 2008,Metlapilcoatlus,NW_Crotalinae,Crotalinae,,573,TL,103.09,,X,,,Honduras; Nicaragua,,
Metlapilcoatlus_mexicanus,Mmexi,,"Duméril, Bibron & Duméril 1854",Metlapilcoatlus,NW_Crotalinae,Crotalinae,Central American Jumping Pit Viper,900,TL,383.57,,X,,,Belize; Costa Rica; Guatemala; Honduras; Mexico; Nicaragua; Panama,,
Metlapilcoatlus_nummifer,Mnumm,,Rüppell 1845,Metlapilcoatlus,NW_Crotalinae,Crotalinae,Jumping Pit Viper,870,TL,347.54,,X,,,Mexico,,
Metlapilcoatlus_occiduus,Mocci,,Hoge 1966,Metlapilcoatlus,NW_Crotalinae,Crotalinae,,795,TL,267.34,,X,,,El Salvador; Guatemala; Honduras; Mexico,,
Metlapilcoatlus_olmec,Molme,,"Perez-Higareda, Smith, Julia-Zertuche 1985",Metlapilcoatlus,NW_Crotalinae,Crotalinae,Olmecan Pit Viper,770,TL,243.61,,X,,,Guatemala; Mexico,,
Mixcoatlus_barbouri,Mbarb,,Dunn 1919,Mixcoatlus,NW_Crotalinae,Crotalinae,Barbour's Montane Pit Viper,510,TL,73.46,,X,,,Mexico,,
Mixcoatlus_browni,Mbrow,,Shreve 1938,Mixcoatlus,NW_Crotalinae,Crotalinae,Brown’s Montane Pit Viper,480,TL,61.58,,X,,,Mexico,,
Mixcoatlus_melanurus,Mmela,,Müller 1924,Mixcoatlus,NW_Crotalinae,Crotalinae,Black-tailed Horned Pitviper,578,TL,105.73,,X,,,Mexico,,
Montatheris_hindii,Mhind,,Boulenger 1910,Montatheris,Viperinae,Viperinae,Kenya Montane Viper,350,TL,24.56,,roll,,,Kenya,,
Montivipera_albizona,Malbi,,"Nilson, Andren & Flärdh 1990",Montivipera,Viperinae,Viperinae,,780,TL,252.93,,roll,,,Turkey,,
Montivipera_bornmuelleri,Mborn,,Werner 1898,Montivipera,Viperinae,Viperinae,Lebanon Viper; German: Libanesische Bergotter,740,TL,217,,roll,,,Israel; Lebanon; Syria; Turkey,,
Montivipera_bulgardaghica,Mbulg,,Nilson & Andren 1985,Montivipera,Viperinae,Viperinae,,750,TL,225.65,,roll,,,Turkey,,
Montivipera_kuhrangica,Mkuhr,,"Rajabizadeh, Nilson & Kami 2011",Montivipera,Viperinae,Viperinae,Kuhrang mountain viper,667,TL,160.4,,roll,,,Iran,,
Montivipera_latifii,Mlati,,"Mertens, Darevsky & Klemmer 1967",Montivipera,Viperinae,Viperinae,Latifi's Viper,790,TL,262.48,,roll,,,Iran,,
Montivipera_raddei,Mradd,Montivipera raddei raddei (Boettger 1890); Montivipera raddei kurdistanica (Nilson & Andrén 1986),Boettger 1890,Montivipera,Viperinae,Viperinae,"Caucasus Viper; German: Armenische Bergotter, Raddes Otter",1100,TL,687.79,,roll,,,Armenia; Azerbaijan; Iran; Iraq; Turkey,,
Montivipera_wagneri,Mwagn,,Nilson & Andrén 1984,Montivipera,Viperinae,Viperinae,Wagner's Viper; German: Wagners Bergotter,950,TL,448.93,,roll,,,Turkey,,
Montivipera_xanthina,Mxant,Montivipera xanthina xanthina (Gray 1849); Montivipera xanthina nilsoni (Cattaneo 2014); Montivipera xanthina dianae (Cattaneo 2014); Montivipera xanthina occidentalis (Cattaneo 2017),Gray 1849,Montivipera,Viperinae,Viperinae,"Coastal Viper, Ottoman Viper; German: (Kleinasiatische oder Türkische) Bergotter",1300,TL,1118.34,,roll,,,Greece; Turkey,,
Ophryacus_smaragdinus,Osmar,,"Grünwald, Jones, Franz-Chávez & Ahumada-Carillo 2015",Ophryacus,NW_Crotalinae,Crotalinae,Emerald Horned Pitviper,700,TL,184.6,,X,,,Mexico,,
Ophryacus_sphenophrys,Osphe,,Smith 1960,Ophryacus,NW_Crotalinae,Crotalinae,Broad-horned Pitviper,700,TL,184.6,,X,,,Mexico,,
Ophryacus_undulatus,Oundu,,Jan 1859,Ophryacus,NW_Crotalinae,Crotalinae,"Slender-horned Pitviper, Mexican Horned Pit Viper",700,TL,184.6,,X,,,Mexico,,
Ovophis_convictus,Oconv,,Stoliczka 1870,Ovophis,OW_Crotalinae,Crotalinae,Indo-Malayan mountain pitviper; German: Indo-Malaiische Berg-Grubenotter,1150,TL,782.76,,roll,,,China; Indonesia; Laos; Malaysia; Myanmar; Singapore; Thailand; Vietnam,,
Ovophis_makazayazaya,Omaka,,Takahashi 1922,Ovophis,OW_Crotalinae,Crotalinae,Taiwan mountain pitviper; Chinese: 台湾烙铁头蛇,1100,TL,687.79,,roll,,,Taiwan,,
Ovophis_monticola,Omont,,Günther 1864,Ovophis,OW_Crotalinae,Crotalinae,"Chinese Mountain Pit Viper (orientalis: Oriental mountain pitviper, zhaokentangi: Gaoligong mountain pitviper); German: Berg-Grubenotter; Chinese: 山烙铁头蛇",1250,TL,997.72,,roll,,,Bangladesh; Bhutan; China; Hong Kong S.A.R.; India; Laos; Macau S.A.R; Myanmar; Nepal; Taiwan; Vietnam,,
Ovophis_okinavensis,Ookin,,Boulenger 1892,Ovophis,OW_Crotalinae,Crotalinae,"Ryukyu Island Pit Viper, Okinawa pitviper",1000,TL,521.19,,roll,,,Japan,,
Ovophis_tonkinensis,Otonk,,Bourret 1934,Ovophis,OW_Crotalinae,Crotalinae,Tonkin pitviper; Chinese: 越南烙铁头蛇,561,TL,96.94,,roll,,,China; Vietnam,,
Ovophis_zayuensis,Ozayu,,Jiang 1977,Ovophis,OW_Crotalinae,Crotalinae,Zayuan mountain pitviper; German: Zayuan Grubenotter; Chinese: 察隅烙铁头蛇,580,TL,106.8,,roll,,,China; India,,
Porthidium_arcosae,Parco,,Schätti & Kramer 1993,Porthidium,NW_Crotalinae,Crotalinae,Manabi Hognose Pitviper,726,TL,205.27,,X,,,Ecuador,,
Porthidium_dunni,Pdunn,,Hartweg & Oliver 1938,Porthidium,NW_Crotalinae,Crotalinae,Dunn's Hognose Viper,542,TL,87.69,,X,,,Mexico,,
Porthidium_hespere,Phesp,,Campbell 1976,Porthidium,NW_Crotalinae,Crotalinae,Western Hognose Viper,579,TL,106.27,,X,,,Mexico,,
Porthidium_lansbergii,Plans,Porthidium lansbergii hutmanni (Sandner-Montilla 1989); Porthidium lansbergii lansbergii (Schlegel 1841); Porthidium lansbergii rozei (Peters 1968),Schlegel 1841,Porthidium,NW_Crotalinae,Crotalinae,,900,TL,383.57,,X,,,Colombia; Panama; Venezuela,,
Porthidium_nasutum,Pnasu,,Bocourt 1868,Porthidium,NW_Crotalinae,Crotalinae,"Hognosed Pit Viper; German: Nasenlanzenotter, Regenwald-Stülpnasenotter; Spanish: Víbora de hoja nasal",635,TL,139.02,,X,,,Belize; Colombia; Costa Rica; Ecuador; Guatemala; Honduras; Mexico; Nicaragua; Panama,,
Porthidium_ophryomegas,Pophr,,Bocourt 1868,Porthidium,NW_Crotalinae,Crotalinae,Slender Hognose Viper; German: Westliche Stülpnasenotter,800,TL,272.27,,X,,,Costa Rica; El Salvador; Guatemala; Honduras; Nicaragua,,
Porthidium_porrasi,Pporr,,Lamar 2003,Porthidium,NW_Crotalinae,Crotalinae,German: Weißschwanz-Stülpnasenotter,700,TL,184.6,,X,,,Costa Rica,,
Porthidium_volcanicum,Pvolc,,Solorzano 1995,Porthidium,NW_Crotalinae,Crotalinae,German: Costa-Rica-Stülpnasenotter,536,TL,84.89,,X,,,Costa Rica; Panama,,
Porthidium_yucatanicum,Pyuca,,Smith 1941,Porthidium,NW_Crotalinae,Crotalinae,Yucatán Hognose Viper,550,TL,91.51,,X,,,Mexico,,
Proatheris_superciliaris,Psupe,,Peters 1855,Proatheris,Viperinae,Viperinae,"Lowland Swamp Viper, Domino-bellied viper, Lowland viper",600,TL,117.87,,roll,,,Malawi; Mozambique; United Republic of Tanzania,,
Protobothrops_cornutus,Pcorn,,Smith 1930,Protobothrops,OW_Crotalinae,Crotalinae,Horned Pit Viper (Fi-Si-Pan); Chinese: 角原矛头蝮,696,TL,181.55,,roll,,,China; Laos; Vietnam,,
Protobothrops_dabieshanensis,Pdabi,,"Huang, Pan, Han, Zhang, Hou, Yu, Zheng & Zhang 2012",Protobothrops,OW_Crotalinae,Crotalinae,Dabie Mountains Pit Viper; Chinese: 大别山原矛头蝮,836,TL,309.47,,roll,,,China,,
Protobothrops_elegans,Peleg,,Gray 1849,Protobothrops,OW_Crotalinae,Crotalinae,Elegant pitviper,1320,TL,1169.15,,roll,,,Japan,,
Protobothrops_flavoviridis,Pflav,Protobothrops flavoviridis flavoviridis (Hallowell 1861); Protobothrops flavoviridis tinkhami (Gloyd 1955),Hallowell 1861,Protobothrops,OW_Crotalinae,Crotalinae,Habu,2400,TL,6659.09,,roll,,,Japan,,
Protobothrops_himalayanus,Phima,,"Pan, Chettri, Yang, Jiang, Wang, Zhang & Vogel 2013",Protobothrops,OW_Crotalinae,Crotalinae,Chinese: 喜山原矛头蝮,1220,TL,929.62,,roll,,,China; India,,
Protobothrops_jerdonii,Pjerd,Protobothrops jerdonii jerdonii (Günther 1875); Protobothrops jerdonii bourreti (Klemmer 1963); Protobothrops jerdonii xanthomelas (Günther 1889),Günther 1875,Protobothrops,OW_Crotalinae,Crotalinae,"Jerdon’s pitviper (bourreti: Bourret’s pitviper, xanthomelas: Red spotted pitviper); Chinese: 菜花原矛头蝮",1090,TL,669.75,,roll,,,Bangladesh; Bhutan; China; India; Laos; Myanmar; Nepal; Thailand; Vietnam,,
Protobothrops_kaulbacki,Pkaul,,Smith 1940,Protobothrops,OW_Crotalinae,Crotalinae,Kaulback’s lance-headed pitviper; German: Kaulbacks Grubenotter; Chinese: 缅北原矛头蝮,1410,TL,1416.54,,roll,,,China; India; Myanmar,,
Protobothrops_kelomohy,Pkelo,,"Sumontha, Vasaruchapong, Chomngam, Suntrarachun, Pawangkhanant, Sompan, Smits, Kunya Chanhome 2020",Protobothrops,OW_Crotalinae,Crotalinae,"Omkoi Lance-headed Pit Viper, Thai: Ngoo Kelo Omkoi, Karen: Yum Kelo Mo Hy",,,,,,,,,,
Protobothrops_mangshanensis,Pmang,,Zhao 1990,Protobothrops,OW_Crotalinae,Crotalinae,"Mangshan pitviper, Mt. Mang Pitviper, Mang Mountain Pitviper; Chinese: 莽山原矛头蝮",2030,TL,4090.85,,roll,,,China,,
Protobothrops_maolanensis,Pmaol,,"Yang, Orlov & Wang 2011",Protobothrops,OW_Crotalinae,Crotalinae,Mao-lan pitviper; Chinese: 茂兰原矛头蝮,805,TL,277.25,,roll,,,China,,
Protobothrops_mucrosquamatus,Pmucr,,Cantor 1839,Protobothrops,OW_Crotalinae,Crotalinae,Brown spotted pitviper; Chinese: 原矛头蝮,1280,TL,1069.01,,roll,,,Bangladesh; China; Hong Kong S.A.R.; India; Laos; Macau S.A.R; Myanmar; Nepal; Taiwan; Vietnam,,
Protobothrops_sieversorum,Psiev,,"Ziegler, Herrmann, David, Orlov & Pauwels 2000",Protobothrops,OW_Crotalinae,Crotalinae,Three horned-scaled pitviper,1255,TL,1009.38,,roll,,,Laos; Vietnam,,
Protobothrops_tokarensis,Ptoka,,Nagai 1928,Protobothrops,OW_Crotalinae,Crotalinae,Tokara Habu,1500,TL,1696,,roll,,,Japan,,
Protobothrops_trungkhanhensis,Ptrun,,"Orlov, Ryabov & Nguyen 2009",Protobothrops,OW_Crotalinae,Crotalinae,"Trungkhanh Pitviper, VietnamesRan luc trung khanh.; Chinese: 越北原矛头蝮",733,TL,211.08,,roll,,,Vietnam,,
Protobothrops_xiangchengensis,Pxian,,"Zhao, Jiang & Huang 1978",Protobothrops,OW_Crotalinae,Crotalinae,"Szechwan Pit Viper, Kham plateau pitviper; Chinese: 乡城原矛头蝮",889,TL,370.09,,roll,,,China; Laos; Myanmar; Vietnam,,
Pseudocerastes_fieldi,Pfiel,,Schmidt 1930,Pseudocerastes,Viperinae,Viperinae,Field's Horned Viper,890,TL,371.3,,roll,,,Egypt; Iran; Iraq; Israel; Jordan; Saudi Arabia; Syria; West Bank,,
Pseudocerastes_persicus,Ppers,,"Duméril, Bibron & Duméril 1854",Pseudocerastes,Viperinae,Viperinae,Persian Horned Viper; German: Persische Trughornviper,1080,TL,652.02,,roll,,,Afghanistan; Iran; Iraq; Oman; Pakistan; Turkmenistan; United Arab Emirates,,
Pseudocerastes_urarachnoides,Purar,,"Bostanchi, Anderson, Kami & Papenfuss 2006",Pseudocerastes,Viperinae,Viperinae,Iranian spider viper; German: Spinnenschwanzviper,530,TL,82.16,,roll,,,Iran; Iraq,,
Sistrurus_catenatus,Scate,,Rafinesque 1818,Sistrurus,NW_Crotalinae,Crotalinae,"Massasauga, catenatus: Eastern Massasauga; German: Massasauga, Ketten-Klapperschlange; German: Wüsten-Massasauga [edwardsi]",1030,TL,568.01,,X,,,Canada; United States of America,,
Sistrurus_miliarius,Smili,Sistrurus miliarius barbouri (Gloyd 1935); Sistrurus miliarius miliarius (Linnaeus 1766); Sistrurus miliarius streckeri (Gloyd 1935),Linnaeus 1766,Sistrurus,NW_Crotalinae,Crotalinae,"Pigmy Rattlesnake, barbouri: Dusky Pigmy Rattlesnake, miliarius: Carolina Pigmy Rattlesnake, streckeri: Western Pigmy Rattlesnake; German: Zwergklapperschlange",803,TL,275.25,,X,,,United States of America,,
Sistrurus_tergeminus,Sterg,Sistrurus tergeminus edwardsii (Baird & Girard 1853); Sistrurus tergeminus tergeminus (Say 1823),Say 1823,Sistrurus,NW_Crotalinae,Crotalinae,"Desert Massasauga [edwardsi], Western Massasauga, Prairie Massasauga [tergeminus]; German: Wüsten-Massasauga [edwardsi]; German: Prairie-Massasauga [tergeminus]",1030,TL,568.01,,X,,,Mexico; United States of America,,
Trimeresurus_albolabris,Talbo,,Gray 1842,Trimeresurus,OW_Crotalinae,Crotalinae,"White-lipped Tree Viper, White-lipped pitviper; German: Weisslippen-Bambusotter; Chinese: 白唇竹叶青蛇",1000,TL,521.19,,roll,,,Bangladesh; Bhutan; Cambodia; China; Hong Kong S.A.R.; India; Indonesia; Laos; Macau S.A.R; Malaysia; Myanmar; Taiwan; Thailand; Vietnam,,
Trimeresurus_andalasensis,Tanda,,"David, Vogel, Vijayakumar & Vidal 2006",Trimeresurus,OW_Crotalinae,Crotalinae,,809,TL,281.27,,roll,,,Indonesia,,
Trimeresurus_andersonii,Tande,,Theobald 1868,Trimeresurus,OW_Crotalinae,Crotalinae,"Anderson’s pitviper, Andaman pitviper",1100,TL,687.79,,roll,,,India,,
Trimeresurus_arunachalensis,Tarun,,"Captain, Deepak, Pandit, Bhatt & Athreya 2019",Trimeresurus,OW_Crotalinae,Crotalinae,Arunachal pitviper,,,,,,,,,,
Trimeresurus_borneensis,Tborn,,Peters 1872,Trimeresurus,OW_Crotalinae,Crotalinae,Borneo Pit Viper; German: Borneo-Bambusotter,874,TL,352.21,,roll,,,Brunei; Indonesia; Malaysia,,
Trimeresurus_brongersmai,Tbron,,Hoge 1969,Trimeresurus,OW_Crotalinae,Crotalinae,Brongersma's Pit Viper,410,TL,38.92,,roll,,,Indonesia,,
Trimeresurus_cantori,Tcant,,Blyth 1846,Trimeresurus,OW_Crotalinae,Crotalinae,Cantor's Pit Viper,1232,TL,956.48,,roll,,,India,,
Trimeresurus_cardamomensis,Tcard,,"Malhotra, Thorpe, Mrinalini & Stuart 2011",Trimeresurus,OW_Crotalinae,Crotalinae,Cardamom Mountains Green Pitviper,536,SVL,120.48,,roll,,,Cambodia; Thailand; Vietnam,,
Trimeresurus_erythrurus,Teryt,,Cantor 1839,Trimeresurus,OW_Crotalinae,Crotalinae,Redtail (bamboo) Pit Viper,1050,TL,600.7,,roll,,,Bangladesh; Bhutan; China; India; Myanmar; Nepal,,
Trimeresurus_fasciatus,Tfasc,,Boulenger 1896,Trimeresurus,OW_Crotalinae,Crotalinae,Banded Pit Viper,509,TL,73.04,,roll,,,Indonesia,,
Trimeresurus_flavomaculatus,Tflav,,Gray 1842,Trimeresurus,OW_Crotalinae,Crotalinae,Philippine pitviper,1100,TL,687.79,,roll,,,Philippines,,
Trimeresurus_gracilis,Tgrac,,Oshima 1920,Trimeresurus,OW_Crotalinae,Crotalinae,Kikuchi Habu,479,TL,61.2,,roll,,,Taiwan,,
Trimeresurus_gramineus,Tgram,,Shaw 1802,Trimeresurus,OW_Crotalinae,Crotalinae,"Common Bamboo Viper; German: Grüne Bambusotter, Gewöhnliche Bambusotter",1135,TL,753.42,,roll,,,India,,
Trimeresurus_gumprechti,Tgump,,"David, Vogel, Pauwels & Vidal 2002",Trimeresurus,OW_Crotalinae,Crotalinae,Gumprecht’s green pitviper; Chinese: 冈氏竹叶青蛇,1280,TL,1069.01,,roll,,,China; Laos; Myanmar; Thailand; Vietnam,,
Trimeresurus_gunaleni,Tguna,,"Vogel, David & Sidik 2014",Trimeresurus,OW_Crotalinae,Crotalinae,"Gunalen’s Pitviper, Bahasa Indonesia: Ular Hijau Gunung, Karo: Nipe Ratah, Padang (Minang): Ular Ijo Babiso, French: Trimérésure de Gunalen; German: Gunalen’s Grubenotter",1170,TL,823.04,,,,,,,
Trimeresurus_hageni,Thage,,Lidth De Jeude 1886,Trimeresurus,OW_Crotalinae,Crotalinae,"Indonesian Pit Viper, Hagen’s (green) pitviper; German: Hagens Bambusotter",1300,TL,1118.34,,roll,,,Indonesia; Malaysia; Thailand,,
Trimeresurus_honsonensis,Thons,,"Grismer, Ngo & Grismer 2008",Trimeresurus,OW_Crotalinae,Crotalinae,,648,TL,147.46,,roll,,,Vietnam,,
Trimeresurus_insularis,Tinsu,,Kramer 1977,Trimeresurus,OW_Crotalinae,Crotalinae,White-lipped island pitviper,930,TL,421.97,,roll,,,East Timor; Indonesia,,
Trimeresurus_kanburiensis,Tkanb,,Smith 1943,Trimeresurus,OW_Crotalinae,Crotalinae,Kanburi Pit Viper; German: Kanburi Bambusotter,667,TL,160.4,,roll,,,Myanmar; Thailand,,
Trimeresurus_labialis,Tlabi,,Steindachner 1867,Trimeresurus,OW_Crotalinae,Crotalinae,"Island Pit Viper, Nicobar bamboo pitviper",440,TL,47.8,,roll,,,India,,
Trimeresurus_macrolepis,Tmacrol,,Beddome 1862,Trimeresurus,OW_Crotalinae,Crotalinae,Large-scaled Pit Viper,580,TL,106.8,,roll,,,India,,
Trimeresurus_macrops,Tmacrop,,Kramer 1977,Trimeresurus,OW_Crotalinae,Crotalinae,"Kramer's Pit Viper, large-eyed pitviper, Big-Eyed Green Pit Viper; German: Grossaugen-Bambusotter",720,TL,200.37,,roll,,,Cambodia; Laos; Thailand; Vietnam,,
Trimeresurus_malabaricus,Tmala,,Jerdon 1854,Trimeresurus,OW_Crotalinae,Crotalinae,Malabarian Pit Viper,1050,TL,600.7,,roll,,,India,,
Trimeresurus_malcolmi,Tmalc,,Loveridge 1938,Trimeresurus,OW_Crotalinae,Crotalinae,Malcolm’s pitviper; German: Kinabalu-Bambusotter,1330,TL,1195.11,,roll,,,Brunei; Indonesia; Malaysia,,
Trimeresurus_mcgregori,Tmcgr,,Taylor 1919,Trimeresurus,OW_Crotalinae,Crotalinae,"McGregor's pitviper, McGregor's Tree Viper; German: Batanes-Bambusotter",967,TL,472.71,,roll,,,Philippines,,
Trimeresurus_medoensis,Tmedo,,Zhao 1977,Trimeresurus,OW_Crotalinae,Crotalinae,"Green Bamboo Leaf Pit Viper, Motuo bamboo pitviper; Chinese: 墨脱竹叶青蛇",677,TL,167.5,,roll,,,China; India; Myanmar,,
Trimeresurus_mutabilis,Tmuta,,Stoliczka 1870,Trimeresurus,OW_Crotalinae,Crotalinae,"Central Nicobar Pit Viper, Central Nicobar bamboo pitviper",510,TL,73.46,,roll,,,India,,
Trimeresurus_nebularis,Tnebu,,"Vogel, David & Pauwels 2004",Trimeresurus,OW_Crotalinae,Crotalinae,"Cameron Highlands pitviper, Clouded Pit viper",1002,TL,524.23,,roll,,,Malaysia,,
Trimeresurus_phuketensis,Tphuk,,"Sumontha, Kunya, Pauwels, Nitikul & Punnadee 2011",Trimeresurus,OW_Crotalinae,Crotalinae,"Phuket Pitviper, Thai: Ngoo Kheeow Hang Mai Phuket, F: Triméré- sure de Phuket; German: Phuket Bambusotter",748.8,TL,224.6,,roll,,,Thailand,,
Trimeresurus_popeiorum,Tpope,,Smith 1937,Trimeresurus,OW_Crotalinae,Crotalinae,"Pope’s Tree Viper, Pope's Bamboo Pit Viper, Pope’s Green Pit Viper; German: Popes Bambusotter, Popes Lanzenotter; Chinese: 坡普竹叶青蛇",1050,TL,600.7,,roll,,,Bangladesh; Bhutan; China; India; Laos; Myanmar; Thailand,,
Trimeresurus_puniceus,Tpuni,,Boie 1827,Trimeresurus,OW_Crotalinae,Crotalinae,"Ashy Pit Viper, Flat-nosed pitviper",860,TL,336.04,,roll,,,Indonesia,,
Trimeresurus_purpureomaculatus,Tpurp,,Gray 1832,Trimeresurus,OW_Crotalinae,Crotalinae,"Shore Pit Viper, Mangrove Viper; German: Mangrovenotter",1050,TL,600.7,,roll,,,Indonesia; Malaysia; Myanmar; Thailand,,
Trimeresurus_rubeus,Trube,,"Malhotra, Thorpe, Mrinalini & Stuart 2011",Trimeresurus,OW_Crotalinae,Crotalinae,Ruby-eyed Green Pitviper,505,SVL,102.86,,roll,,,Cambodia; Vietnam,,
Trimeresurus_sabahi,Tsaba,"Trimeresurus sabahi barati (Regenass & Kramer 1981); Trimeresurus sabahi buniana (Grismer, Grismer & McGuire 2006); Trimeresurus sabahi fucatus (Vogel, David, and Pauwels 2004); Trimeresurus sabahi sabahi (Regenass & Kramer 1981); Trimeresurus sabahi toba (David et al. 2009)",Regenass & Kramer 1981,Trimeresurus,OW_Crotalinae,Crotalinae,"Sabah Bamboo pitviper, Toba pitviper [toba], The Fairy Pitviper [buniana], Barat Bamboo pitviper [barati], Siamese Peninsula pitviper [fucatus]",810,TL,282.29,,roll,,,Indonesia; Malaysia; Myanmar; Singapore; Thailand,,
Trimeresurus_schultzei,Tschu,,Griffin 1909,Trimeresurus,OW_Crotalinae,Crotalinae,Schultze's Pit Viper,1300,TL,1118.34,,roll,,,Philippines,,
Trimeresurus_septentrionalis,Tsept,,Kramer 1977,Trimeresurus,OW_Crotalinae,Crotalinae,"Nepal pitviper, Himalayan White-lipped Pitviper; German: Nepal-Bambusotter",730,TL,208.58,,roll,,,China; Nepal,,
Trimeresurus_sichuanensis,Tsich,,Guo & Wang 2011,Trimeresurus,OW_Crotalinae,Crotalinae,Sichuan pitviper; Chinese: 四川华蝮,1220,TL,929.62,,roll,,,China,,
Trimeresurus_stejnegeri,Tstej,Trimeresurus stejnegeri chenbihuii (Zhao 1995); Trimeresurus stejnegeri stejnegeri (Schmidt 1925),Schmidt 1925,Trimeresurus,OW_Crotalinae,Crotalinae,"Chinese Green Tree Viper, Stejneger’s Bamboo pitviper, chenbihuii: Chen’s Bamboo pitviper; German: Stejnegers Bambusotter, Chinesische Bambusotter; Chinese: 福建竹叶青蛇",1045,TL,592.42,,roll,,,Bhutan; Cambodia; China; Hong Kong S.A.R.; India; Laos; Macau S.A.R; Myanmar; Taiwan; Thailand; Vietnam,,
Trimeresurus_strigatus,Tstri,,Gray 1842,Trimeresurus,OW_Crotalinae,Crotalinae,Horseshoe (pit-) viper,480,TL,61.58,,roll,,,India,,
Trimeresurus_sumatranus,Tsuma,,Raffles 1822,Trimeresurus,OW_Crotalinae,Crotalinae,Sumatra Pit Viper; German: Sumatra-Bambusotter,1600,TL,2046.39,,roll,,,Brunei; Indonesia; Malaysia; Philippines; Singapore; Thailand,,
Trimeresurus_tibetanus,Ttibe,,Huang 1982,Trimeresurus,OW_Crotalinae,Crotalinae,Tibetan Pit Viper; Chinese: 西藏竹叶青蛇,722,TL,202,,roll,,,China; Nepal,,
Trimeresurus_trigonocephalus,Ttrig,,Latreille 1801,Trimeresurus,OW_Crotalinae,Crotalinae,"Ceylon Pit Viper, Sri Lankan Green pitviper; German: Ceylon-Lanzenotter",1200,TL,885.97,,roll,,,Sri Lanka,,
Trimeresurus_truongsonensis,Ttruo,,"Orlov, Ryabov, Thanh & H Cuc 2004",Trimeresurus,OW_Crotalinae,Crotalinae,Quang Binh pitviper; German: Quang Binh-Bambusotter,642,TL,143.52,,roll,,,Laos; Vietnam,,
Trimeresurus_venustus,Tvenu,,Vogel 1991,Trimeresurus,OW_Crotalinae,Crotalinae,"Beautiful pitviper, Brown-spotted Pit Viper; German: Schöne Bambusotter",680,TL,169.67,,roll,,,Malaysia; Thailand,,
Trimeresurus_vogeli,Tvoge,,"David, Vidal & Pauwels 2001",Trimeresurus,OW_Crotalinae,Crotalinae,Vogel’s Pit Viper,1300,TL,1118.34,,roll,,,Cambodia; Laos; Thailand; Vietnam,,
Trimeresurus_wiroti,Twiro,,Trutnau 1981,Trimeresurus,OW_Crotalinae,Crotalinae,Wirot’s Pit Viper; German: Wirot-Bambusotter,889,TL,370.09,,roll,,,Malaysia; Myanmar; Thailand,,
Trimeresurus_yingjiangensis,Tying,,"Chen, Zhang, Shi, Tang, Guo, Song & Ding 2019",Trimeresurus,OW_Crotalinae,Crotalinae,Yingjiang green pitviper; Chinese: Yíng jiāng zhú yè qīng (盈江竹叶青),,,,,,,,,,
Trimeresurus_yunnanensis,Tyunn,,Schmidt 1925,Trimeresurus,OW_Crotalinae,Crotalinae,Yunnan Bamboo pitviper; Chinese: 云南竹叶青蛇,1233,TL,958.74,,roll,,,China,,
Tropidolaemus_huttoni,Thutt,,Smith 1949,Tropidolaemus,OW_Crotalinae,Crotalinae,Hutton’s pitviper,1360,TL,1275.26,,roll,,,India,,
Tropidolaemus_laticinctus,Tlati,,"Kuch, Gumprecht & Melaun 2007",Tropidolaemus,OW_Crotalinae,Crotalinae,Broad-banded Temple Pitviper,1300,TL,1118.34,,roll,,,Indonesia,,
Tropidolaemus_philippensis,Tphil,,Gray 1842,Tropidolaemus,OW_Crotalinae,Crotalinae,South Philippine temple pitviper; German: Südphilippinische Tempelviper,455,TL,52.7,,roll,,,Philippines,,
Tropidolaemus_subannulatus,Tsuba,,Gray 1842,Tropidolaemus,OW_Crotalinae,Crotalinae,North Philippine temple pitviper; German: Philippinische Tempelviper,963,TL,467.04,,roll,,,Brunei; Indonesia; Malaysia; Philippines,,
Tropidolaemus_wagleri,Twagl,,Boie 1827,Tropidolaemus,OW_Crotalinae,Crotalinae,"Wagler's Palm Viper, Wagler's Pit Viper, Temple pitviper; German: Waglers Bambusotter",920,TL,408.91,,roll,,,Indonesia; Malaysia; Singapore; Thailand; Vietnam,,
Vipera_altaica,Valta,,"Tuniyev, Nilson & Andrén 2010",Vipera,Viperinae,Viperinae,,363,TL,27.31,,roll,,,Kazakhstan,,
Vipera_ammodytes,Vammo,Vipera ammodytes ammodytes (Linnaeus 1758); Vipera ammodytes meridionalis (Boulenger 1903); Vipera ammodytes montandoni (Boulenger 1904),Linnaeus 1758,Vipera,Viperinae,Viperinae,"Nose-horned Viper, Sand Viper; German: Europäische Hornotter, Europäische Sandotter, Croatian: poskok",1100,TL,687.79,,roll,,,Albania; Armenia; Austria; Azerbaijan; Bosnia and Herzegovina; Bulgaria; Croatia; Georgia; Germany; Greece; Hungary; Italy; Kosovo; Macedonia; Moldova; Montenegro; Republic of Serbia; Romania; Russia; Slovenia; Turkey; Ukraine,,
Vipera_anatolica,Vanat,Vipera anatolica anatolica (Eiselt & Baran 1970); Vipera anatolica senliki (Göçmen et al. 2017),Eiselt & Baran 1970,Vipera,Viperinae,Viperinae,Anatolian Meadow Viper; German: Anatolische Wiesenotter,450,TL,51.03,,roll,,,Turkey,,
Vipera_aspis,Vaspi,Vipera aspis aspis (Linnaeus 1758); Vipera aspis atra (Meisner 1820); Vipera aspis francisciredi (Laurenti 1768); Vipera aspis hugyi (Schinz 1833); Vipera aspis zinnikeri (Kramer 1958),Linnaeus 1758,Vipera,Viperinae,Viperinae,Asp Viper; German: Aspisviper,850,TL,324.79,,roll,,,Andorra; Croatia; France; Germany; Italy; Monaco; San Marino; Slovenia; Spain; Switzerland; Vatican,,
Vipera_barani,Vbara,,Böhme & Joger 1983,Vipera,Viperinae,Viperinae,Turkish Viper; German: Barans Otter,590,TL,112.25,,roll,,,Turkey,,
Vipera_berus,Vberu,Vipera berus berus (Linnaeus 1758); Vipera berus bosniensis (Boettger 1889); Vipera berus sachalinensis (Tzarevsky 1917),Linnaeus 1758,Vipera,Viperinae,Viperinae,"Adder, Northern Viper; German: Kreuzotter, Nikolsky's Viper [nikolskii]; German: Waldsteppen-Otter [nikolskii], Croatian: riđovka, Russian: Обыкновенная гадюка; Chinese: 极北蝰",752,TL,227.4,,roll,,,Aland; Albania; Austria; Belarus; Belgium; Bosnia and Herzegovina; Bulgaria; China; Croatia; Czech Republic; Denmark; Estonia; Finland; France; Germany; Greece; Hungary; Italy; Kazakhstan; Kosovo; Latvia; Liechtenstein; Lithuania; Luxembourg; Macedonia; Moldova; Mongolia; Montenegro; Netherlands; North Korea; Norway; Poland; Republic of Serbia; Romania; Russia; Slovakia; Slovenia; South Korea; Sweden; Switzerland; Turkey; Ukraine; United Kingdom,,
Vipera_darevskii,Vdare,"Vipera darevskii darevskii (Vedmederja, Orlov & Tuniyev 1986); Vipera darevskii kumlutasi (Tuniyev et al. 2018); Vipera darevskii uzumorum (Tuniyev et al. 2018)","Vedmederja, Orlov & Tuniyev 1986",Vipera,Viperinae,Viperinae,"Darevsky's Viper; German: Darevski-Kreuzotter, Darevsky's Kaukasusotter",420,TL,41.75,,roll,,,Armenia; Georgia; Turkey,,
Vipera_dinniki,Vdinn,,Nikolsky 1913,Vipera,Viperinae,Viperinae,"Dinnik's Viper; German: Westkaukasische-Kreuzotter, Dinnikis Kaukasusotter, Russian: Гадюка Динника",590,TL,112.25,,roll,,,Azerbaijan; Georgia; Russia,,
Vipera_eriwanensis,Veriw,Vipera eriwanensis eriwanensis (Reuss 1933); Vipera eriwanensis ebneri (Knoepffler & Sochurek 1955),Reuss 1933,Vipera,Viperinae,Viperinae,,510,TL,73.46,,roll,,,Armenia; Azerbaijan; Georgia; Iran; Turkey,,
Vipera_graeca,Vgrae,,Nilson & Andrén 1988,Vipera,Viperinae,Viperinae,Greek Meadow Viper; German: Griechische Wiesenotter,,,,,,,,,,
Vipera_kaznakovi,Vkazn,,Nikolsky 1909,Vipera,Viperinae,Viperinae,"Caucasus Viper; German: Kaukasusotter, Russian: Кавказская гадюка, или Гадюка Казнакова",700,TL,184.6,,roll,,,Georgia; Russia; Turkey,,
Vipera_latastei,Vlata,Vipera latastei latastei (Bosca 1878); Vipera latastei gaditana (Saint Girons 1977),Bosca 1878,Vipera,Viperinae,Viperinae,Lataste’s Viper; German: Stülpnasenotter,720,TL,200.37,,roll,,,Algeria; Gibraltar; Morocco; Portugal; Spain,,
Vipera_lotievi,Vloti,,"Nilson, Tuniyev, Orlov, Hoggren & Andren 1995",Vipera,Viperinae,Viperinae,"Lotiev’s viper; German: Lotievs Otter, Russian: Гадюка Лотиева",600,TL,117.87,,roll,,,Georgia; Russia,,
Vipera_magnifica,Vmagn,,Tuniyev & Ostrovskikh 2001,Vipera,Viperinae,Viperinae,Russian: Великолепная гадюка,500,TL,69.34,,roll,,,Russia,,
Vipera_monticola,Vmont,,Saint Girons 1953,Vipera,Viperinae,Viperinae,Mountain Viper,400,TL,36.22,,roll,,,Morocco,,
Vipera_nikolskii,Vniko,,"Vedmederya, Grubant & Rudajewa 1986",Vipera,Viperinae,Viperinae,"Adder, Northern Viper; German: Kreuzotter, Nikolsky's Viper [nikolskii]; German: Waldsteppen-Otter [nikolskii], Croatian: riđovka, Russian: Обыкновенная гадюка",,,,,,,,,,
Vipera_olguni,Volgu,,"Tuniyev, Avci, Tuniyev, Agasian & Agasian 2012",Vipera,Viperinae,Viperinae,,496,TL,67.74,,,,,,,
Vipera_orlovi,Vorlo,,Tuniyev & Ostrovskikh 2001,Vipera,Viperinae,Viperinae,Russian: Гадюка Орлова,650,TL,148.79,,roll,,,Russia,,
Vipera_pontica,Vpont,,"Billing, Nilson & Sattler 1990",Vipera,Viperinae,Viperinae,Black Sea Viper; German: Ponitsche Viper,600,TL,117.87,,roll,,,Turkey,,
Vipera_renardi,Vrena,"Vipera renardi renardi (Christoph 1861); Vipera renardi bashkirovi (Garanin, Pavlov, & Bakiev in Bakiev et al. 2004); Vipera renardi parursinii (Nilson & Andrén 2001); Vipera renardi puzanovi (Kukuskin 2009); Vipera renardi tienshanica (Nilson & Andrén 2001)",Christoph 1861,Vipera,Viperinae,Viperinae,"Steppe Viper; German: Steppenotter, Russian: Степная гадюка; Chinese: 东方蝰",710,TL,192.38,,roll,,,Afghanistan; Azerbaijan; Baykonur Cosmodrome; China; Kazakhstan; Kyrgyzstan; Moldova; Mongolia; Romania; Russia; Tajikistan; Ukraine; Uzbekistan,,
Vipera_sakoi,Vsako,,"Tuniyev, Avci, Tuniyev, Ilgaz, Olgun, Petrova, Bodrov, Geniez & Teynié 2018",Vipera,Viperinae,Viperinae,Sako’s Viper,,,,,,,,Portugal; Spain,,
Vipera_seoanei,Vseoa,Vipera seoanei seoanei (Lataste 1879); Vipera seoanei cantabrica (Braña & Bas 1983),Lataste 1879,Vipera,Viperinae,Viperinae,Portugese Viper; German: Nordiberische Kreuzotter,700,TL,184.6,,roll,,,France; Portugal; Spain,,
Vipera_shemakhensis,Vshem,,"Tuniyev, Orlov, Tuniyev & Kidov 2013",Vipera,Viperinae,Viperinae,,173,TL,3.16,,roll,,,Azerbaijan,,
Vipera_transcaucasiana,Vtran,,Boulenger 1913,Vipera,Viperinae,Viperinae,,700,TL,184.6,,roll,,,Azerbaijan; Georgia; Turkey,,
Vipera_ursinii,Vursi,"Vipera ursinii macrops (Méhely 1911); Vipera ursinii moldavica (Nilson, Andrén, and Joger 1993); Vipera ursinii rakosiensis (Méhely 1893); Vipera ursinii ursinii (Bonaparte 1835)",Bonaparte 1835,Vipera,Viperinae,Viperinae,"Meadow Viper, Orsinis Viper; German: Wiesenotter, rakosiensis: Ungarische Wiesenotter, Croatian: planinski žutokrug",600,TL,117.87,,roll,,,Albania; Armenia; Austria; Azerbaijan; Baykonur Cosmodrome; Belarus; Bosnia and Herzegovina; Bulgaria; China; Croatia; France; Georgia; Greece; Hungary; Iran; Italy; Kazakhstan; Kosovo; Kyrgyzstan; Macedonia; Moldova; Mongolia; Montenegro; Republic of Serbia; Romania; Russia; Tajikistan; Turkey; Ukraine; Uzbekistan,,
Vipera_walser,Vwals,,"Ghielmi, Menegon, Marsden, Laddaga & Ursenbacher 2016",Vipera,Viperinae,Viperinae,German: Piemont-Viper,,,,,,,,,,